	age	job	marital	education_level	contact	month	day_of_week	campaign	past_days	num_of_contacts	previous_outcome	consumer_price_index	consumer_confidence_index	y
0	56	housemaid	married	basic.4y	telephone	may	mon	1	999	0	nonexistent	93.994	-36.4	no
1	57	services	married	high.school	telephone	may	mon	1	999	0	nonexistent	93.994	-36.4	no
2	37	services	married	high.school	telephone	may	mon	1	999	0	nonexistent	93.994	-36.4	no
3	40	admin.	married	basic.6y	telephone	may	mon	1	999	0	nonexistent	93.994	-36.4	no
4	56	services	married	high.school	telephone	may	mon	1	999	0	nonexistent	93.994	-36.4	no
5	45	services	married	basic.9y	telephone	may	mon	1	999	0	nonexistent	93.994	-36.4	no
6	59	admin.	married	professional.course	telephone	may	mon	1	999	0	nonexistent	93.994	-36.4	no
8	24	technician	single	professional.course	telephone	may	mon	1	999	0	nonexistent	93.994	-36.4	no
9	25	services	single	high.school	telephone	may	mon	1	999	0	nonexistent	93.994	-36.4	no
11	25	services	single	high.school	telephone	may	mon	1	999	0	nonexistent	93.994	-36.4	no
12	29	blue-collar	single	high.school	telephone	may	mon	1	999	0	nonexistent	93.994	-36.4	no
13	57	housemaid	divorced	basic.4y	telephone	may	mon	1	999	0	nonexistent	93.994	-36.4	no
14	35	blue-collar	married	basic.6y	telephone	may	mon	1	999	0	nonexistent	93.994	-36.4	no
15	54	retired	married	basic.9y	telephone	may	mon	1	999	0	nonexistent	93.994	-36.4	no
16	35	blue-collar	married	basic.6y	telephone	may	mon	1	999	0	nonexistent	93.994	-36.4	no
17	46	blue-collar	married	basic.6y	telephone	may	mon	1	999	0	nonexistent	93.994	-36.4	no
18	50	blue-collar	married	basic.9y	telephone	may	mon	1	999	0	nonexistent	93.994	-36.4	no
19	39	management	single	basic.9y	telephone	may	mon	1	999	0	nonexistent	93.994	-36.4	no
20	30	unemployed	married	high.school	telephone	may	mon	1	999	0	nonexistent	93.994	-36.4	no
21	55	blue-collar	married	basic.4y	telephone	may	mon	1	999	0	nonexistent	93.994	-36.4	no
22	55	retired	single	high.school	telephone	may	mon	1	999	0	nonexistent	93.994	-36.4	no
23	41	technician	single	high.school	telephone	may	mon	1	999	0	nonexistent	93.994	-36.4	no
24	37	admin.	married	high.school	telephone	may	mon	1	999	0	nonexistent	93.994	-36.4	no
25	35	technician	married	university.degree	telephone	may	mon	1	999	0	nonexistent	93.994	-36.4	no
27	39	self-employed	married	basic.9y	telephone	may	mon	1	999	0	nonexistent	93.994	-36.4	no
28	54	technician	single	university.degree	telephone	may	mon	2	999	0	nonexistent	93.994	-36.4	no
33	54	management	married	basic.4y	telephone	may	mon	1	999	0	nonexistent	93.994	-36.4	no
34	54	blue-collar	divorced	basic.4y	telephone	may	mon	1	999	0	nonexistent	93.994	-36.4	no
36	34	services	married	high.school	telephone	may	mon	1	999	0	nonexistent	93.994	-36.4	no
37	52	technician	married	basic.9y	telephone	may	mon	1	999	0	nonexistent	93.994	-36.4	no
38	41	admin.	married	university.degree	telephone	may	mon	1	999	0	nonexistent	93.994	-36.4	no
39	56	technician	married	basic.4y	telephone	may	mon	1	999	0	nonexistent	93.994	-36.4	no
41	32	entrepreneur	married	high.school	telephone	may	mon	1	999	0	nonexistent	93.994	-36.4	no
42	38	admin.	single	professional.course	telephone	may	mon	1	999	0	nonexistent	93.994	-36.4	no
43	57	admin.	married	university.degree	telephone	may	mon	1	999	0	nonexistent	93.994	-36.4	no
44	44	admin.	married	university.degree	telephone	may	mon	1	999	0	nonexistent	93.994	-36.4	no
45	42	technician	single	professional.course	telephone	may	mon	1	999	0	nonexistent	93.994	-36.4	no
46	57	admin.	married	university.degree	telephone	may	mon	1	999	0	nonexistent	93.994	-36.4	no
47	40	blue-collar	married	basic.9y	telephone	may	mon	1	999	0	nonexistent	93.994	-36.4	no
48	35	admin.	married	university.degree	telephone	may	mon	1	999	0	nonexistent	93.994	-36.4	no
49	45	blue-collar	married	basic.9y	telephone	may	mon	2	999	0	nonexistent	93.994	-36.4	no
50	54	admin.	married	high.school	telephone	may	mon	1	999	0	nonexistent	93.994	-36.4	no
51	39	housemaid	married	basic.4y	telephone	may	mon	1	999	0	nonexistent	93.994	-36.4	no
52	60	admin.	married	high.school	telephone	may	mon	1	999	0	nonexistent	93.994	-36.4	no
53	53	admin.	single	professional.course	telephone	may	mon	1	999	0	nonexistent	93.994	-36.4	no
54	55	blue-collar	married	basic.4y	telephone	may	mon	2	999	0	nonexistent	93.994	-36.4	no
55	55	technician	married	professional.course	telephone	may	mon	1	999	0	nonexistent	93.994	-36.4	no
56	50	management	married	university.degree	telephone	may	mon	1	999	0	nonexistent	93.994	-36.4	no
57	45	services	married	high.school	telephone	may	mon	1	999	0	nonexistent	93.994	-36.4	no
58	55	unemployed	married	professional.course	telephone	may	mon	1	999	0	nonexistent	93.994	-36.4	no
59	25	technician	single	university.degree	telephone	may	mon	1	999	0	nonexistent	93.994	-36.4	no
60	47	entrepreneur	married	university.degree	telephone	may	mon	1	999	0	nonexistent	93.994	-36.4	no
61	51	blue-collar	married	basic.9y	telephone	may	mon	1	999	0	nonexistent	93.994	-36.4	no
62	42	blue-collar	married	basic.6y	telephone	may	mon	1	999	0	nonexistent	93.994	-36.4	no
63	42	blue-collar	married	basic.6y	telephone	may	mon	1	999	0	nonexistent	93.994	-36.4	no
64	48	admin.	married	high.school	telephone	may	mon	1	999	0	nonexistent	93.994	-36.4	no
65	37	admin.	married	university.degree	telephone	may	mon	1	999	0	nonexistent	93.994	-36.4	no
66	44	blue-collar	single	basic.9y	telephone	may	mon	1	999	0	nonexistent	93.994	-36.4	no
68	56	admin.	married	basic.9y	telephone	may	mon	2	999	0	nonexistent	93.994	-36.4	no
69	44	blue-collar	single	basic.4y	telephone	may	mon	1	999	0	nonexistent	93.994	-36.4	no
70	41	management	married	basic.6y	telephone	may	mon	1	999	0	nonexistent	93.994	-36.4	no
71	44	management	divorced	university.degree	telephone	may	mon	1	999	0	nonexistent	93.994	-36.4	no
72	47	admin.	married	university.degree	telephone	may	mon	1	999	0	nonexistent	93.994	-36.4	no
74	37	admin.	married	university.degree	telephone	may	mon	1	999	0	nonexistent	93.994	-36.4	no
75	41	blue-collar	divorced	basic.4y	telephone	may	mon	1	999	0	nonexistent	93.994	-36.4	yes
76	55	technician	married	university.degree	telephone	may	mon	1	999	0	nonexistent	93.994	-36.4	no
77	33	services	married	high.school	telephone	may	mon	2	999	0	nonexistent	93.994	-36.4	no
79	42	blue-collar	married	basic.9y	telephone	may	mon	1	999	0	nonexistent	93.994	-36.4	no
80	50	blue-collar	married	basic.4y	telephone	may	mon	1	999	0	nonexistent	93.994	-36.4	no
81	51	blue-collar	married	basic.4y	telephone	may	mon	1	999	0	nonexistent	93.994	-36.4	no
82	38	admin.	married	high.school	telephone	may	mon	2	999	0	nonexistent	93.994	-36.4	no
83	49	entrepreneur	married	university.degree	telephone	may	mon	1	999	0	nonexistent	93.994	-36.4	yes
84	38	technician	single	university.degree	telephone	may	mon	1	999	0	nonexistent	93.994	-36.4	no
85	31	admin.	divorced	high.school	telephone	may	mon	1	999	0	nonexistent	93.994	-36.4	no
86	41	management	married	basic.6y	telephone	may	mon	2	999	0	nonexistent	93.994	-36.4	no
87	39	admin.	married	university.degree	telephone	may	mon	1	999	0	nonexistent	93.994	-36.4	no
88	49	technician	married	basic.9y	telephone	may	mon	1	999	0	nonexistent	93.994	-36.4	yes
89	34	admin.	married	high.school	telephone	may	mon	2	999	0	nonexistent	93.994	-36.4	no
90	35	admin.	married	university.degree	telephone	may	mon	2	999	0	nonexistent	93.994	-36.4	no
93	33	unemployed	married	basic.9y	telephone	may	mon	1	999	0	nonexistent	93.994	-36.4	no
94	42	blue-collar	married	basic.6y	telephone	may	mon	1	999	0	nonexistent	93.994	-36.4	no
95	45	services	married	professional.course	telephone	may	mon	1	999	0	nonexistent	93.994	-36.4	no
96	42	management	married	university.degree	telephone	may	mon	1	999	0	nonexistent	93.994	-36.4	no
97	53	admin.	divorced	university.degree	telephone	may	mon	1	999	0	nonexistent	93.994	-36.4	no
98	37	technician	single	professional.course	telephone	may	mon	1	999	0	nonexistent	93.994	-36.4	no
99	44	blue-collar	married	basic.6y	telephone	may	mon	1	999	0	nonexistent	93.994	-36.4	no
101	49	blue-collar	married	basic.4y	telephone	may	mon	3	999	0	nonexistent	93.994	-36.4	no
103	52	admin.	divorced	university.degree	telephone	may	mon	1	999	0	nonexistent	93.994	-36.4	no
104	52	admin.	divorced	university.degree	telephone	may	mon	1	999	0	nonexistent	93.994	-36.4	no
105	43	services	single	high.school	telephone	may	mon	1	999	0	nonexistent	93.994	-36.4	no
106	34	housemaid	married	basic.6y	telephone	may	mon	2	999	0	nonexistent	93.994	-36.4	no
107	35	admin.	married	high.school	telephone	may	mon	2	999	0	nonexistent	93.994	-36.4	no
110	60	retired	divorced	university.degree	telephone	may	mon	1	999	0	nonexistent	93.994	-36.4	no
111	58	unemployed	married	basic.4y	telephone	may	mon	2	999	0	nonexistent	93.994	-36.4	no
112	35	services	divorced	high.school	telephone	may	mon	1	999	0	nonexistent	93.994	-36.4	no
113	55	blue-collar	married	basic.9y	telephone	may	mon	2	999	0	nonexistent	93.994	-36.4	no
114	37	management	married	university.degree	telephone	may	mon	2	999	0	nonexistent	93.994	-36.4	no
115	36	blue-collar	married	high.school	telephone	may	mon	1	999	0	nonexistent	93.994	-36.4	no
116	52	admin.	divorced	university.degree	telephone	may	mon	2	999	0	nonexistent	93.994	-36.4	no
119	48	blue-collar	divorced	basic.4y	telephone	may	mon	1	999	0	nonexistent	93.994	-36.4	no
120	40	blue-collar	married	high.school	telephone	may	mon	1	999	0	nonexistent	93.994	-36.4	no
121	49	blue-collar	divorced	high.school	telephone	may	mon	1	999	0	nonexistent	93.994	-36.4	no
122	41	services	married	high.school	telephone	may	mon	1	999	0	nonexistent	93.994	-36.4	no
123	45	technician	married	high.school	telephone	may	mon	1	999	0	nonexistent	93.994	-36.4	no
124	32	admin.	married	university.degree	telephone	may	mon	1	999	0	nonexistent	93.994	-36.4	no
125	42	admin.	married	university.degree	telephone	may	mon	2	999	0	nonexistent	93.994	-36.4	no
126	50	admin.	married	basic.6y	telephone	may	mon	1	999	0	nonexistent	93.994	-36.4	no
127	31	technician	divorced	professional.course	telephone	may	mon	1	999	0	nonexistent	93.994	-36.4	no
128	56	retired	married	basic.4y	telephone	may	mon	2	999	0	nonexistent	93.994	-36.4	no
129	41	technician	married	professional.course	telephone	may	mon	1	999	0	nonexistent	93.994	-36.4	yes
130	37	blue-collar	married	basic.6y	telephone	may	mon	1	999	0	nonexistent	93.994	-36.4	no
131	41	technician	married	professional.course	telephone	may	mon	1	999	0	nonexistent	93.994	-36.4	no
133	37	blue-collar	married	basic.6y	telephone	may	mon	1	999	0	nonexistent	93.994	-36.4	no
134	52	management	married	university.degree	telephone	may	mon	1	999	0	nonexistent	93.994	-36.4	no
135	39	management	divorced	university.degree	telephone	may	mon	1	999	0	nonexistent	93.994	-36.4	no
136	39	housemaid	married	basic.4y	telephone	may	mon	2	999	0	nonexistent	93.994	-36.4	no
137	56	blue-collar	married	basic.4y	telephone	may	mon	2	999	0	nonexistent	93.994	-36.4	no
138	34	services	married	high.school	telephone	may	mon	2	999	0	nonexistent	93.994	-36.4	no
139	45	blue-collar	married	basic.9y	telephone	may	mon	1	999	0	nonexistent	93.994	-36.4	yes
140	43	unemployed	single	university.degree	telephone	may	mon	1	999	0	nonexistent	93.994	-36.4	no
142	39	management	married	university.degree	telephone	may	mon	1	999	0	nonexistent	93.994	-36.4	no
143	53	blue-collar	married	basic.4y	telephone	may	mon	1	999	0	nonexistent	93.994	-36.4	no
145	42	blue-collar	married	basic.4y	telephone	may	mon	1	999	0	nonexistent	93.994	-36.4	no
146	42	blue-collar	married	basic.4y	telephone	may	mon	1	999	0	nonexistent	93.994	-36.4	no
147	35	admin.	single	high.school	telephone	may	mon	1	999	0	nonexistent	93.994	-36.4	no
148	40	admin.	married	university.degree	telephone	may	mon	1	999	0	nonexistent	93.994	-36.4	no
149	51	blue-collar	married	basic.4y	telephone	may	mon	1	999	0	nonexistent	93.994	-36.4	no
150	60	blue-collar	married	basic.9y	telephone	may	mon	1	999	0	nonexistent	93.994	-36.4	no
152	39	services	divorced	high.school	telephone	may	mon	1	999	0	nonexistent	93.994	-36.4	no
155	36	blue-collar	married	basic.9y	telephone	may	mon	1	999	0	nonexistent	93.994	-36.4	no
158	43	technician	single	professional.course	telephone	may	mon	2	999	0	nonexistent	93.994	-36.4	no
159	59	services	married	high.school	telephone	may	mon	2	999	0	nonexistent	93.994	-36.4	no
160	24	management	single	university.degree	telephone	may	mon	2	999	0	nonexistent	93.994	-36.4	no
161	37	blue-collar	single	basic.9y	telephone	may	mon	2	999	0	nonexistent	93.994	-36.4	no
162	40	blue-collar	married	basic.9y	telephone	may	mon	1	999	0	nonexistent	93.994	-36.4	no
163	42	blue-collar	married	basic.9y	telephone	may	mon	3	999	0	nonexistent	93.994	-36.4	no
164	39	services	divorced	high.school	telephone	may	mon	1	999	0	nonexistent	93.994	-36.4	no
165	37	entrepreneur	married	basic.6y	telephone	may	mon	1	999	0	nonexistent	93.994	-36.4	no
166	38	services	married	high.school	telephone	may	mon	1	999	0	nonexistent	93.994	-36.4	no
169	54	management	divorced	university.degree	telephone	may	mon	2	999	0	nonexistent	93.994	-36.4	no
170	43	blue-collar	married	high.school	telephone	may	mon	1	999	0	nonexistent	93.994	-36.4	no
171	36	services	married	high.school	telephone	may	mon	1	999	0	nonexistent	93.994	-36.4	no
172	45	technician	married	university.degree	telephone	may	mon	1	999	0	nonexistent	93.994	-36.4	no
173	42	admin.	single	university.degree	telephone	may	mon	1	999	0	nonexistent	93.994	-36.4	no
174	43	services	married	high.school	telephone	may	mon	3	999	0	nonexistent	93.994	-36.4	no
175	46	management	married	basic.9y	telephone	may	mon	2	999	0	nonexistent	93.994	-36.4	no
176	44	services	married	high.school	telephone	may	mon	1	999	0	nonexistent	93.994	-36.4	no
177	51	admin.	single	basic.6y	telephone	may	mon	2	999	0	nonexistent	93.994	-36.4	no
178	28	services	married	high.school	telephone	may	mon	1	999	0	nonexistent	93.994	-36.4	no
179	37	blue-collar	married	basic.9y	telephone	may	mon	1	999	0	nonexistent	93.994	-36.4	no
180	34	technician	married	high.school	telephone	may	mon	1	999	0	nonexistent	93.994	-36.4	no
181	46	blue-collar	married	basic.6y	telephone	may	mon	1	999	0	nonexistent	93.994	-36.4	no
182	42	blue-collar	married	basic.9y	telephone	may	mon	2	999	0	nonexistent	93.994	-36.4	yes
183	36	admin.	married	university.degree	telephone	may	mon	3	999	0	nonexistent	93.994	-36.4	no
184	54	blue-collar	married	basic.4y	telephone	may	mon	1	999	0	nonexistent	93.994	-36.4	no
185	57	management	married	university.degree	telephone	may	mon	1	999	0	nonexistent	93.994	-36.4	no
186	51	technician	married	basic.6y	telephone	may	mon	1	999	0	nonexistent	93.994	-36.4	no
187	54	retired	married	high.school	telephone	may	mon	1	999	0	nonexistent	93.994	-36.4	no
188	49	blue-collar	married	basic.4y	telephone	may	mon	1	999	0	nonexistent	93.994	-36.4	no
189	34	admin.	married	university.degree	telephone	may	mon	1	999	0	nonexistent	93.994	-36.4	no
190	41	technician	married	professional.course	telephone	may	mon	1	999	0	nonexistent	93.994	-36.4	no
191	38	blue-collar	single	basic.9y	telephone	may	mon	2	999	0	nonexistent	93.994	-36.4	no
192	45	management	divorced	university.degree	telephone	may	mon	2	999	0	nonexistent	93.994	-36.4	no
193	42	technician	married	university.degree	telephone	may	mon	2	999	0	nonexistent	93.994	-36.4	no
194	34	blue-collar	single	basic.9y	telephone	may	mon	1	999	0	nonexistent	93.994	-36.4	no
195	48	blue-collar	married	basic.4y	telephone	may	mon	1	999	0	nonexistent	93.994	-36.4	no
196	37	admin.	married	high.school	telephone	may	mon	1	999	0	nonexistent	93.994	-36.4	no
197	34	blue-collar	single	basic.9y	telephone	may	mon	1	999	0	nonexistent	93.994	-36.4	no
198	40	admin.	married	basic.9y	telephone	may	mon	2	999	0	nonexistent	93.994	-36.4	no
199	43	blue-collar	married	basic.6y	telephone	may	mon	1	999	0	nonexistent	93.994	-36.4	no
200	33	services	married	high.school	telephone	may	mon	2	999	0	nonexistent	93.994	-36.4	no
201	32	services	single	basic.6y	telephone	may	mon	1	999	0	nonexistent	93.994	-36.4	no
202	39	blue-collar	married	high.school	telephone	may	mon	2	999	0	nonexistent	93.994	-36.4	no
204	44	blue-collar	married	basic.9y	telephone	may	mon	1	999	0	nonexistent	93.994	-36.4	no
205	35	student	single	university.degree	telephone	may	mon	1	999	0	nonexistent	93.994	-36.4	no
206	35	student	single	university.degree	telephone	may	mon	1	999	0	nonexistent	93.994	-36.4	no
207	35	unemployed	married	professional.course	telephone	may	mon	1	999	0	nonexistent	93.994	-36.4	no
208	36	services	single	basic.4y	telephone	may	mon	1	999	0	nonexistent	93.994	-36.4	no
209	35	student	single	university.degree	telephone	may	mon	1	999	0	nonexistent	93.994	-36.4	no
210	36	student	single	basic.9y	telephone	may	mon	1	999	0	nonexistent	93.994	-36.4	no
211	55	housemaid	divorced	university.degree	telephone	may	mon	1	999	0	nonexistent	93.994	-36.4	no
212	59	admin.	married	university.degree	telephone	may	mon	1	999	0	nonexistent	93.994	-36.4	no
214	39	blue-collar	married	professional.course	telephone	may	mon	1	999	0	nonexistent	93.994	-36.4	no
215	39	housemaid	married	basic.4y	telephone	may	mon	2	999	0	nonexistent	93.994	-36.4	no
218	50	housemaid	married	basic.4y	telephone	may	mon	1	999	0	nonexistent	93.994	-36.4	no
219	40	services	married	high.school	telephone	may	mon	3	999	0	nonexistent	93.994	-36.4	no
220	35	admin.	married	high.school	telephone	may	mon	2	999	0	nonexistent	93.994	-36.4	no
222	36	services	single	basic.6y	telephone	may	mon	1	999	0	nonexistent	93.994	-36.4	no
223	46	technician	married	basic.4y	telephone	may	mon	1	999	0	nonexistent	93.994	-36.4	no
224	40	technician	married	basic.9y	telephone	may	mon	1	999	0	nonexistent	93.994	-36.4	no
225	58	retired	married	university.degree	telephone	may	mon	1	999	0	nonexistent	93.994	-36.4	no
226	42	technician	married	university.degree	telephone	may	mon	2	999	0	nonexistent	93.994	-36.4	no
227	35	admin.	single	university.degree	telephone	may	mon	2	999	0	nonexistent	93.994	-36.4	no
228	43	retired	married	basic.4y	telephone	may	mon	3	999	0	nonexistent	93.994	-36.4	no
229	45	blue-collar	married	basic.4y	telephone	may	mon	1	999	0	nonexistent	93.994	-36.4	no
230	39	admin.	married	professional.course	telephone	may	mon	2	999	0	nonexistent	93.994	-36.4	no
231	50	services	divorced	professional.course	telephone	may	mon	1	999	0	nonexistent	93.994	-36.4	no
232	32	management	divorced	basic.4y	telephone	may	mon	2	999	0	nonexistent	93.994	-36.4	no
233	39	admin.	married	high.school	telephone	may	mon	1	999	0	nonexistent	93.994	-36.4	no
234	52	self-employed	married	university.degree	telephone	may	mon	1	999	0	nonexistent	93.994	-36.4	no
235	44	admin.	married	professional.course	telephone	may	mon	1	999	0	nonexistent	93.994	-36.4	no
236	56	blue-collar	married	basic.4y	telephone	may	mon	1	999	0	nonexistent	93.994	-36.4	no
237	48	admin.	married	high.school	telephone	may	mon	2	999	0	nonexistent	93.994	-36.4	no
238	33	services	married	high.school	telephone	may	mon	2	999	0	nonexistent	93.994	-36.4	no
239	43	management	married	university.degree	telephone	may	mon	3	999	0	nonexistent	93.994	-36.4	no
240	57	retired	married	high.school	telephone	may	mon	2	999	0	nonexistent	93.994	-36.4	no
241	36	technician	single	professional.course	telephone	may	mon	1	999	0	nonexistent	93.994	-36.4	no
242	34	management	married	university.degree	telephone	may	mon	1	999	0	nonexistent	93.994	-36.4	no
243	34	services	single	basic.9y	telephone	may	mon	2	999	0	nonexistent	93.994	-36.4	no
244	30	technician	married	university.degree	telephone	may	mon	1	999	0	nonexistent	93.994	-36.4	no
246	32	technician	single	professional.course	telephone	may	mon	1	999	0	nonexistent	93.994	-36.4	no
247	36	technician	single	high.school	telephone	may	mon	2	999	0	nonexistent	93.994	-36.4	no
248	36	blue-collar	single	high.school	telephone	may	mon	1	999	0	nonexistent	93.994	-36.4	no
249	33	services	single	high.school	telephone	may	mon	1	999	0	nonexistent	93.994	-36.4	no
250	40	technician	divorced	professional.course	telephone	may	mon	1	999	0	nonexistent	93.994	-36.4	no
251	41	blue-collar	married	basic.4y	telephone	may	mon	1	999	0	nonexistent	93.994	-36.4	no
252	51	services	married	basic.6y	telephone	may	mon	1	999	0	nonexistent	93.994	-36.4	no
253	36	technician	married	professional.course	telephone	may	mon	3	999	0	nonexistent	93.994	-36.4	no
255	53	services	married	high.school	telephone	may	mon	3	999	0	nonexistent	93.994	-36.4	no
256	58	blue-collar	married	basic.9y	telephone	may	mon	2	999	0	nonexistent	93.994	-36.4	no
257	45	management	married	basic.9y	telephone	may	mon	1	999	0	nonexistent	93.994	-36.4	no
259	33	admin.	married	high.school	telephone	may	mon	1	999	0	nonexistent	93.994	-36.4	no
260	33	admin.	married	high.school	telephone	may	mon	1	999	0	nonexistent	93.994	-36.4	no
261	27	blue-collar	single	basic.6y	telephone	may	mon	1	999	0	nonexistent	93.994	-36.4	no
262	42	technician	married	high.school	telephone	may	mon	1	999	0	nonexistent	93.994	-36.4	no
263	43	admin.	divorced	basic.9y	telephone	may	mon	3	999	0	nonexistent	93.994	-36.4	no
264	42	admin.	married	university.degree	telephone	may	mon	2	999	0	nonexistent	93.994	-36.4	no
265	27	blue-collar	single	basic.6y	telephone	may	mon	1	999	0	nonexistent	93.994	-36.4	no
266	34	self-employed	single	university.degree	telephone	may	mon	2	999	0	nonexistent	93.994	-36.4	no
267	31	student	single	university.degree	telephone	may	mon	2	999	0	nonexistent	93.994	-36.4	no
268	54	management	divorced	university.degree	telephone	may	mon	2	999	0	nonexistent	93.994	-36.4	no
269	40	self-employed	married	basic.4y	telephone	may	mon	3	999	0	nonexistent	93.994	-36.4	no
270	52	unemployed	married	high.school	telephone	may	mon	1	999	0	nonexistent	93.994	-36.4	no
271	47	management	divorced	university.degree	telephone	may	mon	2	999	0	nonexistent	93.994	-36.4	no
272	49	housemaid	married	basic.9y	telephone	may	mon	1	999	0	nonexistent	93.994	-36.4	no
273	32	admin.	single	high.school	telephone	may	mon	2	999	0	nonexistent	93.994	-36.4	no
274	49	housemaid	single	high.school	telephone	may	mon	2	999	0	nonexistent	93.994	-36.4	no
275	50	blue-collar	married	basic.9y	telephone	may	mon	1	999	0	nonexistent	93.994	-36.4	no
276	34	services	married	high.school	telephone	may	mon	1	999	0	nonexistent	93.994	-36.4	no
277	55	blue-collar	married	basic.4y	telephone	may	mon	2	999	0	nonexistent	93.994	-36.4	no
278	47	technician	single	basic.9y	telephone	may	mon	4	999	0	nonexistent	93.994	-36.4	no
279	51	retired	married	professional.course	telephone	may	mon	3	999	0	nonexistent	93.994	-36.4	no
280	47	blue-collar	married	basic.6y	telephone	may	mon	2	999	0	nonexistent	93.994	-36.4	no
281	56	technician	married	basic.4y	telephone	may	mon	3	999	0	nonexistent	93.994	-36.4	no
282	53	admin.	married	basic.9y	telephone	may	mon	3	999	0	nonexistent	93.994	-36.4	no
283	36	blue-collar	married	basic.9y	telephone	may	mon	2	999	0	nonexistent	93.994	-36.4	no
284	42	blue-collar	divorced	basic.9y	telephone	may	mon	2	999	0	nonexistent	93.994	-36.4	no
285	44	blue-collar	divorced	basic.6y	telephone	may	mon	2	999	0	nonexistent	93.994	-36.4	no
286	39	housemaid	married	basic.9y	telephone	may	mon	3	999	0	nonexistent	93.994	-36.4	yes
287	37	admin.	single	high.school	telephone	may	mon	2	999	0	nonexistent	93.994	-36.4	no
289	36	services	married	high.school	telephone	may	mon	2	999	0	nonexistent	93.994	-36.4	no
290	42	management	divorced	university.degree	telephone	may	mon	2	999	0	nonexistent	93.994	-36.4	no
291	31	admin.	married	high.school	telephone	may	mon	2	999	0	nonexistent	93.994	-36.4	no
292	53	technician	divorced	professional.course	telephone	may	mon	2	999	0	nonexistent	93.994	-36.4	no
293	45	blue-collar	married	basic.4y	telephone	may	mon	2	999	0	nonexistent	93.994	-36.4	no
294	37	technician	single	professional.course	telephone	may	mon	2	999	0	nonexistent	93.994	-36.4	no
295	47	self-employed	married	professional.course	telephone	may	mon	2	999	0	nonexistent	93.994	-36.4	no
296	49	blue-collar	divorced	high.school	telephone	may	mon	2	999	0	nonexistent	93.994	-36.4	no
297	36	admin.	married	university.degree	telephone	may	mon	2	999	0	nonexistent	93.994	-36.4	no
298	35	services	divorced	high.school	telephone	may	mon	3	999	0	nonexistent	93.994	-36.4	no
300	38	services	single	high.school	telephone	may	mon	2	999	0	nonexistent	93.994	-36.4	no
301	50	blue-collar	divorced	high.school	telephone	may	mon	2	999	0	nonexistent	93.994	-36.4	no
302	59	retired	married	professional.course	telephone	may	mon	2	999	0	nonexistent	93.994	-36.4	no
304	42	admin.	married	high.school	telephone	may	mon	2	999	0	nonexistent	93.994	-36.4	no
305	40	admin.	married	basic.6y	telephone	may	mon	2	999	0	nonexistent	93.994	-36.4	no
307	57	housemaid	divorced	basic.4y	telephone	may	mon	2	999	0	nonexistent	93.994	-36.4	no
308	42	admin.	married	university.degree	telephone	may	mon	3	999	0	nonexistent	93.994	-36.4	no
309	41	blue-collar	married	basic.4y	telephone	may	mon	2	999	0	nonexistent	93.994	-36.4	no
310	54	management	divorced	university.degree	telephone	may	mon	3	999	0	nonexistent	93.994	-36.4	no
311	27	admin.	single	university.degree	telephone	may	mon	2	999	0	nonexistent	93.994	-36.4	no
312	36	admin.	married	high.school	telephone	may	mon	2	999	0	nonexistent	93.994	-36.4	no
313	58	blue-collar	married	professional.course	telephone	may	mon	2	999	0	nonexistent	93.994	-36.4	no
314	40	management	married	university.degree	telephone	may	mon	2	999	0	nonexistent	93.994	-36.4	no
315	34	admin.	single	basic.9y	telephone	may	mon	2	999	0	nonexistent	93.994	-36.4	no
316	33	admin.	divorced	high.school	telephone	may	mon	2	999	0	nonexistent	93.994	-36.4	no
317	56	retired	married	basic.6y	telephone	may	mon	2	999	0	nonexistent	93.994	-36.4	no
318	42	blue-collar	married	basic.9y	telephone	may	mon	2	999	0	nonexistent	93.994	-36.4	no
319	43	services	married	high.school	telephone	may	mon	2	999	0	nonexistent	93.994	-36.4	no
320	54	management	single	basic.9y	telephone	may	mon	3	999	0	nonexistent	93.994	-36.4	no
321	53	admin.	single	basic.6y	telephone	may	mon	2	999	0	nonexistent	93.994	-36.4	no
323	40	services	married	basic.6y	telephone	may	mon	3	999	0	nonexistent	93.994	-36.4	no
324	54	technician	married	professional.course	telephone	may	mon	2	999	0	nonexistent	93.994	-36.4	no
325	40	housemaid	single	professional.course	telephone	may	mon	4	999	0	nonexistent	93.994	-36.4	no
326	26	admin.	single	university.degree	telephone	may	mon	3	999	0	nonexistent	93.994	-36.4	no
327	33	admin.	married	high.school	telephone	may	mon	3	999	0	nonexistent	93.994	-36.4	no
328	35	blue-collar	married	basic.9y	telephone	may	mon	2	999	0	nonexistent	93.994	-36.4	no
329	36	admin.	married	high.school	telephone	may	mon	3	999	0	nonexistent	93.994	-36.4	no
330	29	services	single	high.school	telephone	may	mon	2	999	0	nonexistent	93.994	-36.4	no
331	36	blue-collar	married	basic.9y	telephone	may	mon	2	999	0	nonexistent	93.994	-36.4	no
332	35	management	married	high.school	telephone	may	mon	5	999	0	nonexistent	93.994	-36.4	no
333	50	self-employed	single	university.degree	telephone	may	mon	5	999	0	nonexistent	93.994	-36.4	no
334	46	services	married	high.school	telephone	may	mon	3	999	0	nonexistent	93.994	-36.4	no
335	49	entrepreneur	married	high.school	telephone	may	mon	4	999	0	nonexistent	93.994	-36.4	no
336	42	technician	single	professional.course	telephone	may	mon	2	999	0	nonexistent	93.994	-36.4	no
337	36	blue-collar	single	high.school	telephone	may	mon	3	999	0	nonexistent	93.994	-36.4	no
338	55	blue-collar	married	basic.9y	telephone	may	mon	2	999	0	nonexistent	93.994	-36.4	no
339	41	management	married	university.degree	telephone	may	mon	2	999	0	nonexistent	93.994	-36.4	no
340	57	management	married	professional.course	telephone	may	mon	3	999	0	nonexistent	93.994	-36.4	no
341	32	services	single	high.school	telephone	may	mon	3	999	0	nonexistent	93.994	-36.4	no
342	49	admin.	married	basic.9y	telephone	may	mon	3	999	0	nonexistent	93.994	-36.4	no
344	58	blue-collar	divorced	basic.4y	telephone	may	mon	2	999	0	nonexistent	93.994	-36.4	no
345	52	technician	married	high.school	telephone	may	mon	2	999	0	nonexistent	93.994	-36.4	no
346	50	services	divorced	professional.course	telephone	may	mon	2	999	0	nonexistent	93.994	-36.4	no
347	41	blue-collar	single	basic.9y	telephone	may	mon	4	999	0	nonexistent	93.994	-36.4	no
348	33	entrepreneur	married	university.degree	telephone	may	mon	3	999	0	nonexistent	93.994	-36.4	no
349	57	blue-collar	married	basic.4y	telephone	may	mon	2	999	0	nonexistent	93.994	-36.4	no
350	48	blue-collar	married	basic.6y	telephone	may	mon	3	999	0	nonexistent	93.994	-36.4	no
351	55	technician	married	professional.course	telephone	may	mon	2	999	0	nonexistent	93.994	-36.4	no
352	38	management	married	university.degree	telephone	may	mon	2	999	0	nonexistent	93.994	-36.4	no
353	38	services	married	high.school	telephone	may	mon	3	999	0	nonexistent	93.994	-36.4	no
354	53	admin.	married	university.degree	telephone	may	mon	2	999	0	nonexistent	93.994	-36.4	no
355	43	unemployed	single	university.degree	telephone	may	mon	4	999	0	nonexistent	93.994	-36.4	no
356	36	blue-collar	single	high.school	telephone	may	mon	2	999	0	nonexistent	93.994	-36.4	no
357	32	blue-collar	married	basic.9y	telephone	may	mon	2	999	0	nonexistent	93.994	-36.4	no
358	33	services	married	basic.4y	telephone	may	mon	3	999	0	nonexistent	93.994	-36.4	no
359	58	entrepreneur	married	basic.4y	telephone	may	mon	2	999	0	nonexistent	93.994	-36.4	no
360	40	unemployed	divorced	high.school	telephone	may	tue	3	999	0	nonexistent	93.994	-36.4	no
361	57	management	married	university.degree	telephone	may	tue	2	999	0	nonexistent	93.994	-36.4	no
362	45	technician	married	high.school	telephone	may	tue	3	999	0	nonexistent	93.994	-36.4	no
363	42	blue-collar	married	basic.4y	telephone	may	tue	3	999	0	nonexistent	93.994	-36.4	no
364	46	admin.	married	university.degree	telephone	may	tue	1	999	0	nonexistent	93.994	-36.4	no
365	36	technician	married	university.degree	telephone	may	tue	1	999	0	nonexistent	93.994	-36.4	no
366	41	self-employed	married	high.school	telephone	may	tue	1	999	0	nonexistent	93.994	-36.4	no
367	57	admin.	divorced	basic.9y	telephone	may	tue	1	999	0	nonexistent	93.994	-36.4	no
368	49	blue-collar	married	basic.9y	telephone	may	tue	1	999	0	nonexistent	93.994	-36.4	no
369	56	management	divorced	high.school	telephone	may	tue	1	999	0	nonexistent	93.994	-36.4	no
370	37	blue-collar	married	basic.9y	telephone	may	tue	1	999	0	nonexistent	93.994	-36.4	no
371	37	blue-collar	married	basic.9y	telephone	may	tue	1	999	0	nonexistent	93.994	-36.4	no
372	46	admin.	single	high.school	telephone	may	tue	1	999	0	nonexistent	93.994	-36.4	no
373	22	blue-collar	single	basic.9y	telephone	may	tue	1	999	0	nonexistent	93.994	-36.4	no
374	43	services	married	high.school	telephone	may	tue	1	999	0	nonexistent	93.994	-36.4	no
376	41	technician	married	basic.6y	telephone	may	tue	1	999	0	nonexistent	93.994	-36.4	no
377	38	admin.	single	university.degree	telephone	may	tue	1	999	0	nonexistent	93.994	-36.4	no
378	33	admin.	married	basic.9y	telephone	may	tue	1	999	0	nonexistent	93.994	-36.4	no
379	49	admin.	married	university.degree	telephone	may	tue	1	999	0	nonexistent	93.994	-36.4	no
381	33	admin.	married	basic.9y	telephone	may	tue	1	999	0	nonexistent	93.994	-36.4	no
382	34	management	single	university.degree	telephone	may	tue	1	999	0	nonexistent	93.994	-36.4	no
384	59	management	married	basic.4y	telephone	may	tue	1	999	0	nonexistent	93.994	-36.4	no
385	59	management	married	basic.4y	telephone	may	tue	1	999	0	nonexistent	93.994	-36.4	no
386	41	self-employed	married	university.degree	telephone	may	tue	1	999	0	nonexistent	93.994	-36.4	no
387	48	housemaid	married	basic.6y	telephone	may	tue	4	999	0	nonexistent	93.994	-36.4	no
389	44	services	married	high.school	telephone	may	tue	1	999	0	nonexistent	93.994	-36.4	yes
391	50	management	married	high.school	telephone	may	tue	1	999	0	nonexistent	93.994	-36.4	no
392	35	admin.	married	university.degree	telephone	may	tue	1	999	0	nonexistent	93.994	-36.4	no
393	42	admin.	married	high.school	telephone	may	tue	1	999	0	nonexistent	93.994	-36.4	no
394	45	admin.	married	basic.9y	telephone	may	tue	1	999	0	nonexistent	93.994	-36.4	no
395	36	technician	married	professional.course	telephone	may	tue	2	999	0	nonexistent	93.994	-36.4	no
396	56	services	married	high.school	telephone	may	tue	3	999	0	nonexistent	93.994	-36.4	no
397	29	blue-collar	divorced	basic.4y	telephone	may	tue	1	999	0	nonexistent	93.994	-36.4	no
398	41	self-employed	married	university.degree	telephone	may	tue	2	999	0	nonexistent	93.994	-36.4	no
399	42	blue-collar	married	basic.9y	telephone	may	tue	1	999	0	nonexistent	93.994	-36.4	no
400	52	services	single	high.school	telephone	may	tue	1	999	0	nonexistent	93.994	-36.4	no
401	48	services	married	high.school	telephone	may	tue	1	999	0	nonexistent	93.994	-36.4	no
402	31	blue-collar	married	high.school	telephone	may	tue	1	999	0	nonexistent	93.994	-36.4	no
403	43	unemployed	married	university.degree	telephone	may	tue	1	999	0	nonexistent	93.994	-36.4	no
404	36	blue-collar	married	basic.4y	telephone	may	tue	1	999	0	nonexistent	93.994	-36.4	no
405	42	entrepreneur	married	university.degree	telephone	may	tue	1	999	0	nonexistent	93.994	-36.4	no
406	52	services	divorced	basic.6y	telephone	may	tue	1	999	0	nonexistent	93.994	-36.4	no
407	39	admin.	married	high.school	telephone	may	tue	2	999	0	nonexistent	93.994	-36.4	no
408	36	services	married	high.school	telephone	may	tue	2	999	0	nonexistent	93.994	-36.4	no
409	42	blue-collar	married	basic.9y	telephone	may	tue	1	999	0	nonexistent	93.994	-36.4	no
410	41	admin.	married	high.school	telephone	may	tue	1	999	0	nonexistent	93.994	-36.4	no
411	55	technician	married	basic.4y	telephone	may	tue	1	999	0	nonexistent	93.994	-36.4	no
412	30	blue-collar	married	basic.9y	telephone	may	tue	1	999	0	nonexistent	93.994	-36.4	no
414	45	entrepreneur	married	basic.4y	telephone	may	tue	1	999	0	nonexistent	93.994	-36.4	no
415	51	blue-collar	married	basic.4y	telephone	may	tue	2	999	0	nonexistent	93.994	-36.4	no
416	39	self-employed	single	basic.9y	telephone	may	tue	1	999	0	nonexistent	93.994	-36.4	no
417	47	admin.	married	high.school	telephone	may	tue	1	999	0	nonexistent	93.994	-36.4	no
418	27	services	married	high.school	telephone	may	tue	1	999	0	nonexistent	93.994	-36.4	no
419	34	technician	single	university.degree	telephone	may	tue	1	999	0	nonexistent	93.994	-36.4	no
420	57	blue-collar	married	basic.4y	telephone	may	tue	1	999	0	nonexistent	93.994	-36.4	no
421	43	entrepreneur	married	basic.4y	telephone	may	tue	1	999	0	nonexistent	93.994	-36.4	no
422	49	blue-collar	married	basic.4y	telephone	may	tue	1	999	0	nonexistent	93.994	-36.4	no
423	39	management	married	university.degree	telephone	may	tue	3	999	0	nonexistent	93.994	-36.4	no
424	38	blue-collar	married	basic.4y	telephone	may	tue	1	999	0	nonexistent	93.994	-36.4	no
425	49	blue-collar	married	basic.9y	telephone	may	tue	2	999	0	nonexistent	93.994	-36.4	no
426	58	management	married	basic.6y	telephone	may	tue	1	999	0	nonexistent	93.994	-36.4	no
427	43	technician	married	professional.course	telephone	may	tue	1	999	0	nonexistent	93.994	-36.4	no
429	31	services	married	high.school	telephone	may	tue	1	999	0	nonexistent	93.994	-36.4	no
430	43	self-employed	divorced	university.degree	telephone	may	tue	1	999	0	nonexistent	93.994	-36.4	no
431	43	self-employed	married	basic.9y	telephone	may	tue	1	999	0	nonexistent	93.994	-36.4	no
432	30	self-employed	single	university.degree	telephone	may	tue	1	999	0	nonexistent	93.994	-36.4	no
433	27	services	single	professional.course	telephone	may	tue	1	999	0	nonexistent	93.994	-36.4	no
435	37	technician	married	professional.course	telephone	may	tue	2	999	0	nonexistent	93.994	-36.4	no
436	46	housemaid	married	basic.9y	telephone	may	tue	1	999	0	nonexistent	93.994	-36.4	no
437	35	blue-collar	married	professional.course	telephone	may	tue	1	999	0	nonexistent	93.994	-36.4	no
438	47	admin.	divorced	university.degree	telephone	may	tue	1	999	0	nonexistent	93.994	-36.4	no
440	40	technician	married	professional.course	telephone	may	tue	1	999	0	nonexistent	93.994	-36.4	no
441	26	housemaid	married	university.degree	telephone	may	tue	1	999	0	nonexistent	93.994	-36.4	no
442	32	blue-collar	divorced	basic.9y	telephone	may	tue	2	999	0	nonexistent	93.994	-36.4	no
443	45	management	married	university.degree	telephone	may	tue	1	999	0	nonexistent	93.994	-36.4	no
444	34	admin.	married	basic.9y	telephone	may	tue	1	999	0	nonexistent	93.994	-36.4	no
446	42	technician	married	professional.course	telephone	may	tue	1	999	0	nonexistent	93.994	-36.4	yes
447	57	technician	married	basic.4y	telephone	may	tue	1	999	0	nonexistent	93.994	-36.4	no
448	57	technician	married	basic.4y	telephone	may	tue	1	999	0	nonexistent	93.994	-36.4	no
449	38	blue-collar	married	basic.4y	telephone	may	tue	1	999	0	nonexistent	93.994	-36.4	no
450	57	technician	married	basic.4y	telephone	may	tue	1	999	0	nonexistent	93.994	-36.4	no
451	28	student	single	basic.9y	telephone	may	tue	1	999	0	nonexistent	93.994	-36.4	no
452	60	management	married	university.degree	telephone	may	tue	2	999	0	nonexistent	93.994	-36.4	no
453	48	admin.	married	university.degree	telephone	may	tue	1	999	0	nonexistent	93.994	-36.4	no
454	47	technician	married	professional.course	telephone	may	tue	1	999	0	nonexistent	93.994	-36.4	no
455	40	admin.	married	high.school	telephone	may	tue	1	999	0	nonexistent	93.994	-36.4	no
456	51	management	married	professional.course	telephone	may	tue	2	999	0	nonexistent	93.994	-36.4	no
457	48	unemployed	single	basic.4y	telephone	may	tue	1	999	0	nonexistent	93.994	-36.4	no
458	54	housemaid	married	basic.4y	telephone	may	tue	2	999	0	nonexistent	93.994	-36.4	no
459	40	blue-collar	married	basic.6y	telephone	may	tue	1	999	0	nonexistent	93.994	-36.4	no
460	44	admin.	single	basic.9y	telephone	may	tue	1	999	0	nonexistent	93.994	-36.4	no
461	42	technician	divorced	high.school	telephone	may	tue	4	999	0	nonexistent	93.994	-36.4	no
462	52	self-employed	married	university.degree	telephone	may	tue	1	999	0	nonexistent	93.994	-36.4	no
463	31	blue-collar	single	basic.9y	telephone	may	tue	1	999	0	nonexistent	93.994	-36.4	no
464	32	services	married	high.school	telephone	may	tue	1	999	0	nonexistent	93.994	-36.4	no
465	44	admin.	married	high.school	telephone	may	tue	1	999	0	nonexistent	93.994	-36.4	no
466	39	management	married	basic.6y	telephone	may	tue	1	999	0	nonexistent	93.994	-36.4	no
467	57	management	married	professional.course	telephone	may	tue	3	999	0	nonexistent	93.994	-36.4	no
468	52	admin.	married	basic.4y	telephone	may	tue	1	999	0	nonexistent	93.994	-36.4	no
469	42	management	married	university.degree	telephone	may	tue	1	999	0	nonexistent	93.994	-36.4	yes
470	42	technician	single	professional.course	telephone	may	tue	1	999	0	nonexistent	93.994	-36.4	no
471	43	management	married	professional.course	telephone	may	tue	1	999	0	nonexistent	93.994	-36.4	no
472	31	admin.	divorced	high.school	telephone	may	tue	1	999	0	nonexistent	93.994	-36.4	no
473	29	admin.	married	university.degree	telephone	may	tue	1	999	0	nonexistent	93.994	-36.4	no
474	57	blue-collar	divorced	basic.4y	telephone	may	tue	2	999	0	nonexistent	93.994	-36.4	no
475	44	blue-collar	married	basic.9y	telephone	may	tue	1	999	0	nonexistent	93.994	-36.4	no
477	39	blue-collar	married	basic.4y	telephone	may	tue	1	999	0	nonexistent	93.994	-36.4	no
478	57	retired	married	university.degree	telephone	may	tue	1	999	0	nonexistent	93.994	-36.4	no
480	37	technician	single	high.school	telephone	may	tue	1	999	0	nonexistent	93.994	-36.4	no
481	38	services	married	high.school	telephone	may	tue	1	999	0	nonexistent	93.994	-36.4	no
482	42	retired	married	basic.4y	telephone	may	tue	1	999	0	nonexistent	93.994	-36.4	no
484	54	management	married	basic.6y	telephone	may	tue	1	999	0	nonexistent	93.994	-36.4	no
485	36	admin.	married	university.degree	telephone	may	tue	2	999	0	nonexistent	93.994	-36.4	no
486	32	admin.	single	university.degree	telephone	may	tue	1	999	0	nonexistent	93.994	-36.4	no
487	35	technician	married	professional.course	telephone	may	tue	1	999	0	nonexistent	93.994	-36.4	no
488	45	housemaid	married	professional.course	telephone	may	tue	2	999	0	nonexistent	93.994	-36.4	no
490	34	technician	married	university.degree	telephone	may	tue	2	999	0	nonexistent	93.994	-36.4	no
491	41	unemployed	married	basic.9y	telephone	may	tue	2	999	0	nonexistent	93.994	-36.4	no
492	41	services	married	basic.9y	telephone	may	tue	2	999	0	nonexistent	93.994	-36.4	no
493	36	blue-collar	married	basic.9y	telephone	may	tue	1	999	0	nonexistent	93.994	-36.4	no
494	32	admin.	single	university.degree	telephone	may	tue	1	999	0	nonexistent	93.994	-36.4	no
495	31	services	married	high.school	telephone	may	tue	1	999	0	nonexistent	93.994	-36.4	no
496	38	technician	married	professional.course	telephone	may	tue	1	999	0	nonexistent	93.994	-36.4	no
497	35	admin.	divorced	university.degree	telephone	may	tue	1	999	0	nonexistent	93.994	-36.4	no
498	53	admin.	married	professional.course	telephone	may	tue	2	999	0	nonexistent	93.994	-36.4	no
499	51	admin.	married	basic.6y	telephone	may	tue	1	999	0	nonexistent	93.994	-36.4	no
500	56	entrepreneur	married	university.degree	telephone	may	tue	1	999	0	nonexistent	93.994	-36.4	no
501	33	admin.	married	basic.9y	telephone	may	tue	1	999	0	nonexistent	93.994	-36.4	no
502	33	admin.	married	basic.9y	telephone	may	tue	1	999	0	nonexistent	93.994	-36.4	no
503	51	services	divorced	high.school	telephone	may	tue	1	999	0	nonexistent	93.994	-36.4	no
504	39	services	married	high.school	telephone	may	tue	1	999	0	nonexistent	93.994	-36.4	yes
505	45	entrepreneur	married	university.degree	telephone	may	tue	1	999	0	nonexistent	93.994	-36.4	no
506	40	technician	single	university.degree	telephone	may	tue	3	999	0	nonexistent	93.994	-36.4	no
508	33	technician	married	university.degree	telephone	may	tue	1	999	0	nonexistent	93.994	-36.4	no
509	47	blue-collar	married	high.school	telephone	may	tue	1	999	0	nonexistent	93.994	-36.4	no
510	48	blue-collar	married	basic.4y	telephone	may	tue	1	999	0	nonexistent	93.994	-36.4	no
511	43	entrepreneur	married	high.school	telephone	may	tue	2	999	0	nonexistent	93.994	-36.4	no
512	37	management	married	university.degree	telephone	may	tue	1	999	0	nonexistent	93.994	-36.4	no
513	50	services	married	basic.9y	telephone	may	tue	1	999	0	nonexistent	93.994	-36.4	no
514	59	entrepreneur	married	high.school	telephone	may	tue	1	999	0	nonexistent	93.994	-36.4	no
516	42	housemaid	single	basic.4y	telephone	may	tue	1	999	0	nonexistent	93.994	-36.4	no
517	52	blue-collar	married	basic.4y	telephone	may	tue	2	999	0	nonexistent	93.994	-36.4	no
520	40	management	married	basic.9y	telephone	may	tue	1	999	0	nonexistent	93.994	-36.4	no
521	38	blue-collar	married	basic.9y	telephone	may	tue	1	999	0	nonexistent	93.994	-36.4	no
522	39	blue-collar	married	basic.6y	telephone	may	tue	1	999	0	nonexistent	93.994	-36.4	no
523	39	blue-collar	married	basic.6y	telephone	may	tue	1	999	0	nonexistent	93.994	-36.4	no
524	38	admin.	married	high.school	telephone	may	tue	1	999	0	nonexistent	93.994	-36.4	no
526	30	services	single	high.school	telephone	may	tue	1	999	0	nonexistent	93.994	-36.4	no
527	38	admin.	divorced	high.school	telephone	may	tue	2	999	0	nonexistent	93.994	-36.4	no
528	39	technician	divorced	university.degree	telephone	may	tue	1	999	0	nonexistent	93.994	-36.4	no
529	44	admin.	married	high.school	telephone	may	tue	2	999	0	nonexistent	93.994	-36.4	no
530	36	admin.	married	high.school	telephone	may	tue	2	999	0	nonexistent	93.994	-36.4	no
531	41	services	married	high.school	telephone	may	tue	1	999	0	nonexistent	93.994	-36.4	no
532	41	blue-collar	married	basic.6y	telephone	may	tue	1	999	0	nonexistent	93.994	-36.4	no
533	35	blue-collar	married	basic.9y	telephone	may	tue	2	999	0	nonexistent	93.994	-36.4	no
534	41	technician	married	high.school	telephone	may	tue	1	999	0	nonexistent	93.994	-36.4	no
535	36	services	married	high.school	telephone	may	tue	1	999	0	nonexistent	93.994	-36.4	no
536	35	admin.	single	high.school	telephone	may	tue	1	999	0	nonexistent	93.994	-36.4	no
537	33	blue-collar	single	basic.4y	telephone	may	tue	1	999	0	nonexistent	93.994	-36.4	no
538	38	admin.	single	basic.6y	telephone	may	tue	1	999	0	nonexistent	93.994	-36.4	no
539	33	self-employed	married	university.degree	telephone	may	tue	1	999	0	nonexistent	93.994	-36.4	no
541	36	blue-collar	single	basic.9y	telephone	may	tue	1	999	0	nonexistent	93.994	-36.4	no
542	57	technician	married	professional.course	telephone	may	tue	1	999	0	nonexistent	93.994	-36.4	no
543	32	entrepreneur	single	university.degree	telephone	may	tue	2	999	0	nonexistent	93.994	-36.4	no
544	30	self-employed	single	high.school	telephone	may	tue	1	999	0	nonexistent	93.994	-36.4	no
545	43	admin.	married	professional.course	telephone	may	tue	2	999	0	nonexistent	93.994	-36.4	no
546	46	admin.	married	university.degree	telephone	may	tue	2	999	0	nonexistent	93.994	-36.4	no
547	35	admin.	divorced	high.school	telephone	may	tue	2	999	0	nonexistent	93.994	-36.4	no
548	34	admin.	single	university.degree	telephone	may	tue	1	999	0	nonexistent	93.994	-36.4	no
549	50	blue-collar	married	basic.4y	telephone	may	tue	1	999	0	nonexistent	93.994	-36.4	no
550	39	admin.	single	university.degree	telephone	may	tue	2	999	0	nonexistent	93.994	-36.4	no
551	39	blue-collar	married	basic.9y	telephone	may	tue	1	999	0	nonexistent	93.994	-36.4	no
552	42	entrepreneur	married	basic.6y	telephone	may	tue	2	999	0	nonexistent	93.994	-36.4	no
553	57	retired	married	university.degree	telephone	may	tue	1	999	0	nonexistent	93.994	-36.4	no
554	45	blue-collar	married	basic.4y	telephone	may	tue	1	999	0	nonexistent	93.994	-36.4	no
555	40	technician	married	basic.4y	telephone	may	tue	1	999	0	nonexistent	93.994	-36.4	no
556	42	blue-collar	married	high.school	telephone	may	tue	3	999	0	nonexistent	93.994	-36.4	yes
557	40	technician	married	basic.4y	telephone	may	tue	1	999	0	nonexistent	93.994	-36.4	no
558	38	blue-collar	single	basic.4y	telephone	may	tue	1	999	0	nonexistent	93.994	-36.4	no
559	39	blue-collar	married	basic.6y	telephone	may	tue	1	999	0	nonexistent	93.994	-36.4	no
560	41	blue-collar	married	basic.4y	telephone	may	tue	1	999	0	nonexistent	93.994	-36.4	no
561	39	blue-collar	married	basic.6y	telephone	may	tue	1	999	0	nonexistent	93.994	-36.4	no
562	41	blue-collar	married	basic.4y	telephone	may	tue	1	999	0	nonexistent	93.994	-36.4	no
563	45	admin.	married	university.degree	telephone	may	tue	1	999	0	nonexistent	93.994	-36.4	no
564	35	admin.	divorced	university.degree	telephone	may	tue	1	999	0	nonexistent	93.994	-36.4	no
565	35	admin.	married	basic.6y	telephone	may	tue	1	999	0	nonexistent	93.994	-36.4	no
566	49	blue-collar	married	high.school	telephone	may	tue	1	999	0	nonexistent	93.994	-36.4	no
568	23	admin.	single	university.degree	telephone	may	tue	3	999	0	nonexistent	93.994	-36.4	no
569	43	unemployed	married	university.degree	telephone	may	tue	2	999	0	nonexistent	93.994	-36.4	no
570	49	entrepreneur	married	professional.course	telephone	may	tue	2	999	0	nonexistent	93.994	-36.4	no
571	36	technician	married	professional.course	telephone	may	tue	2	999	0	nonexistent	93.994	-36.4	no
572	51	blue-collar	married	basic.9y	telephone	may	tue	2	999	0	nonexistent	93.994	-36.4	no
573	56	retired	married	basic.4y	telephone	may	tue	4	999	0	nonexistent	93.994	-36.4	no
574	45	housemaid	married	high.school	telephone	may	tue	2	999	0	nonexistent	93.994	-36.4	no
575	42	admin.	married	high.school	telephone	may	tue	3	999	0	nonexistent	93.994	-36.4	no
576	41	admin.	divorced	high.school	telephone	may	tue	4	999	0	nonexistent	93.994	-36.4	no
577	32	services	married	high.school	telephone	may	tue	2	999	0	nonexistent	93.994	-36.4	no
578	46	management	married	university.degree	telephone	may	tue	2	999	0	nonexistent	93.994	-36.4	no
580	53	management	married	university.degree	telephone	may	tue	1	999	0	nonexistent	93.994	-36.4	no
581	30	blue-collar	married	basic.4y	telephone	may	tue	2	999	0	nonexistent	93.994	-36.4	no
583	24	technician	single	professional.course	telephone	may	tue	2	999	0	nonexistent	93.994	-36.4	no
585	34	admin.	single	university.degree	telephone	may	tue	2	999	0	nonexistent	93.994	-36.4	no
586	41	management	married	university.degree	telephone	may	tue	2	999	0	nonexistent	93.994	-36.4	no
587	59	blue-collar	married	basic.4y	telephone	may	tue	2	999	0	nonexistent	93.994	-36.4	no
588	45	blue-collar	married	basic.4y	telephone	may	tue	1	999	0	nonexistent	93.994	-36.4	no
589	54	blue-collar	married	basic.6y	telephone	may	tue	5	999	0	nonexistent	93.994	-36.4	no
590	32	technician	married	professional.course	telephone	may	tue	3	999	0	nonexistent	93.994	-36.4	no
591	33	technician	married	professional.course	telephone	may	tue	2	999	0	nonexistent	93.994	-36.4	no
592	32	admin.	married	university.degree	telephone	may	tue	1	999	0	nonexistent	93.994	-36.4	no
593	34	services	single	high.school	telephone	may	tue	2	999	0	nonexistent	93.994	-36.4	no
594	46	management	married	university.degree	telephone	may	tue	2	999	0	nonexistent	93.994	-36.4	no
595	57	technician	married	professional.course	telephone	may	tue	4	999	0	nonexistent	93.994	-36.4	no
596	42	technician	married	basic.9y	telephone	may	tue	1	999	0	nonexistent	93.994	-36.4	no
597	48	admin.	married	professional.course	telephone	may	tue	2	999	0	nonexistent	93.994	-36.4	no
598	58	admin.	divorced	university.degree	telephone	may	tue	1	999	0	nonexistent	93.994	-36.4	no
599	34	services	married	high.school	telephone	may	tue	1	999	0	nonexistent	93.994	-36.4	no
600	32	admin.	single	university.degree	telephone	may	tue	1	999	0	nonexistent	93.994	-36.4	no
601	48	blue-collar	married	basic.9y	telephone	may	tue	2	999	0	nonexistent	93.994	-36.4	no
602	47	blue-collar	married	basic.9y	telephone	may	tue	1	999	0	nonexistent	93.994	-36.4	no
603	31	services	married	high.school	telephone	may	tue	1	999	0	nonexistent	93.994	-36.4	no
604	32	admin.	single	university.degree	telephone	may	tue	1	999	0	nonexistent	93.994	-36.4	no
605	32	admin.	single	university.degree	telephone	may	tue	1	999	0	nonexistent	93.994	-36.4	no
606	36	services	married	high.school	telephone	may	tue	1	999	0	nonexistent	93.994	-36.4	no
607	53	blue-collar	married	basic.4y	telephone	may	tue	2	999	0	nonexistent	93.994	-36.4	no
608	37	blue-collar	married	basic.9y	telephone	may	tue	5	999	0	nonexistent	93.994	-36.4	no
609	50	services	married	high.school	telephone	may	tue	1	999	0	nonexistent	93.994	-36.4	no
610	46	blue-collar	married	basic.6y	telephone	may	tue	2	999	0	nonexistent	93.994	-36.4	no
611	41	admin.	married	high.school	telephone	may	tue	1	999	0	nonexistent	93.994	-36.4	no
612	43	blue-collar	single	basic.4y	telephone	may	tue	1	999	0	nonexistent	93.994	-36.4	no
613	51	management	married	university.degree	telephone	may	tue	3	999	0	nonexistent	93.994	-36.4	no
614	38	admin.	married	university.degree	telephone	may	tue	1	999	0	nonexistent	93.994	-36.4	no
615	41	technician	married	basic.6y	telephone	may	tue	2	999	0	nonexistent	93.994	-36.4	no
616	39	services	married	high.school	telephone	may	tue	4	999	0	nonexistent	93.994	-36.4	no
617	52	blue-collar	married	basic.4y	telephone	may	tue	2	999	0	nonexistent	93.994	-36.4	no
618	37	technician	married	professional.course	telephone	may	tue	2	999	0	nonexistent	93.994	-36.4	no
619	41	admin.	married	basic.9y	telephone	may	tue	3	999	0	nonexistent	93.994	-36.4	no
620	46	admin.	divorced	university.degree	telephone	may	tue	1	999	0	nonexistent	93.994	-36.4	no
621	47	technician	married	professional.course	telephone	may	tue	4	999	0	nonexistent	93.994	-36.4	no
622	35	technician	married	professional.course	telephone	may	tue	3	999	0	nonexistent	93.994	-36.4	no
623	38	services	married	high.school	telephone	may	tue	2	999	0	nonexistent	93.994	-36.4	no
625	46	blue-collar	married	basic.9y	telephone	may	tue	1	999	0	nonexistent	93.994	-36.4	no
626	30	technician	married	professional.course	telephone	may	tue	1	999	0	nonexistent	93.994	-36.4	no
627	35	services	single	basic.4y	telephone	may	tue	1	999	0	nonexistent	93.994	-36.4	no
629	40	technician	married	professional.course	telephone	may	tue	2	999	0	nonexistent	93.994	-36.4	no
630	34	technician	married	university.degree	telephone	may	tue	2	999	0	nonexistent	93.994	-36.4	no
631	30	admin.	single	university.degree	telephone	may	tue	1	999	0	nonexistent	93.994	-36.4	no
632	38	services	married	basic.6y	telephone	may	tue	2	999	0	nonexistent	93.994	-36.4	no
633	55	management	single	basic.4y	telephone	may	tue	1	999	0	nonexistent	93.994	-36.4	no
634	55	management	married	university.degree	telephone	may	tue	3	999	0	nonexistent	93.994	-36.4	no
635	45	technician	single	professional.course	telephone	may	tue	2	999	0	nonexistent	93.994	-36.4	no
636	36	admin.	married	university.degree	telephone	may	tue	2	999	0	nonexistent	93.994	-36.4	no
637	32	admin.	single	university.degree	telephone	may	tue	2	999	0	nonexistent	93.994	-36.4	no
639	55	management	divorced	university.degree	telephone	may	tue	5	999	0	nonexistent	93.994	-36.4	no
640	49	housemaid	married	basic.4y	telephone	may	tue	2	999	0	nonexistent	93.994	-36.4	no
641	29	admin.	married	high.school	telephone	may	tue	3	999	0	nonexistent	93.994	-36.4	no
642	34	blue-collar	married	basic.4y	telephone	may	tue	2	999	0	nonexistent	93.994	-36.4	no
643	54	retired	married	high.school	telephone	may	tue	1	999	0	nonexistent	93.994	-36.4	no
644	36	technician	single	professional.course	telephone	may	tue	2	999	0	nonexistent	93.994	-36.4	no
645	30	management	single	university.degree	telephone	may	tue	3	999	0	nonexistent	93.994	-36.4	no
646	33	housemaid	divorced	university.degree	telephone	may	tue	1	999	0	nonexistent	93.994	-36.4	no
647	37	blue-collar	married	high.school	telephone	may	tue	1	999	0	nonexistent	93.994	-36.4	no
648	36	technician	married	basic.9y	telephone	may	tue	2	999	0	nonexistent	93.994	-36.4	no
649	33	blue-collar	married	high.school	telephone	may	tue	1	999	0	nonexistent	93.994	-36.4	no
650	32	housemaid	married	high.school	telephone	may	tue	1	999	0	nonexistent	93.994	-36.4	no
651	32	housemaid	married	high.school	telephone	may	tue	1	999	0	nonexistent	93.994	-36.4	no
652	50	blue-collar	married	basic.4y	telephone	may	tue	1	999	0	nonexistent	93.994	-36.4	no
653	39	blue-collar	married	basic.9y	telephone	may	tue	2	999	0	nonexistent	93.994	-36.4	no
655	33	services	married	high.school	telephone	may	tue	2	999	0	nonexistent	93.994	-36.4	no
656	33	services	married	basic.4y	telephone	may	tue	4	999	0	nonexistent	93.994	-36.4	no
657	56	management	married	university.degree	telephone	may	tue	2	999	0	nonexistent	93.994	-36.4	no
658	39	management	divorced	university.degree	telephone	may	tue	2	999	0	nonexistent	93.994	-36.4	no
659	33	self-employed	single	university.degree	telephone	may	tue	3	999	0	nonexistent	93.994	-36.4	no
660	59	retired	divorced	basic.4y	telephone	may	tue	2	999	0	nonexistent	93.994	-36.4	no
662	43	services	married	high.school	telephone	may	tue	1	999	0	nonexistent	93.994	-36.4	no
663	35	admin.	married	university.degree	telephone	may	tue	3	999	0	nonexistent	93.994	-36.4	no
664	46	blue-collar	married	basic.6y	telephone	may	tue	2	999	0	nonexistent	93.994	-36.4	no
665	27	technician	married	basic.9y	telephone	may	tue	2	999	0	nonexistent	93.994	-36.4	no
666	47	admin.	divorced	university.degree	telephone	may	tue	3	999	0	nonexistent	93.994	-36.4	no
667	31	admin.	single	university.degree	telephone	may	tue	2	999	0	nonexistent	93.994	-36.4	no
668	32	blue-collar	married	basic.9y	telephone	may	tue	1	999	0	nonexistent	93.994	-36.4	no
669	54	admin.	married	high.school	telephone	may	tue	3	999	0	nonexistent	93.994	-36.4	no
670	56	management	married	university.degree	telephone	may	tue	1	999	0	nonexistent	93.994	-36.4	no
671	48	services	single	high.school	telephone	may	tue	2	999	0	nonexistent	93.994	-36.4	no
672	44	admin.	married	high.school	telephone	may	tue	2	999	0	nonexistent	93.994	-36.4	no
673	46	admin.	married	high.school	telephone	may	tue	2	999	0	nonexistent	93.994	-36.4	no
674	45	services	married	high.school	telephone	may	tue	2	999	0	nonexistent	93.994	-36.4	no
675	43	admin.	married	professional.course	telephone	may	tue	2	999	0	nonexistent	93.994	-36.4	no
676	40	admin.	single	high.school	telephone	may	tue	2	999	0	nonexistent	93.994	-36.4	no
677	56	management	married	university.degree	telephone	may	tue	2	999	0	nonexistent	93.994	-36.4	no
678	47	entrepreneur	married	professional.course	telephone	may	tue	2	999	0	nonexistent	93.994	-36.4	no
679	39	management	divorced	university.degree	telephone	may	tue	3	999	0	nonexistent	93.994	-36.4	no
680	48	technician	married	basic.4y	telephone	may	tue	2	999	0	nonexistent	93.994	-36.4	no
681	45	housemaid	married	professional.course	telephone	may	tue	2	999	0	nonexistent	93.994	-36.4	yes
682	36	self-employed	married	university.degree	telephone	may	tue	2	999	0	nonexistent	93.994	-36.4	no
683	49	management	married	professional.course	telephone	may	tue	2	999	0	nonexistent	93.994	-36.4	no
684	46	services	married	high.school	telephone	may	tue	3	999	0	nonexistent	93.994	-36.4	no
685	38	blue-collar	married	basic.9y	telephone	may	tue	2	999	0	nonexistent	93.994	-36.4	no
686	50	housemaid	married	basic.4y	telephone	may	tue	2	999	0	nonexistent	93.994	-36.4	no
687	27	admin.	single	high.school	telephone	may	tue	2	999	0	nonexistent	93.994	-36.4	no
688	40	technician	married	professional.course	telephone	may	tue	3	999	0	nonexistent	93.994	-36.4	no
689	46	management	married	university.degree	telephone	may	tue	2	999	0	nonexistent	93.994	-36.4	no
690	40	admin.	divorced	university.degree	telephone	may	tue	3	999	0	nonexistent	93.994	-36.4	no
691	33	management	single	university.degree	telephone	may	tue	2	999	0	nonexistent	93.994	-36.4	no
692	54	retired	married	high.school	telephone	may	tue	2	999	0	nonexistent	93.994	-36.4	no
693	52	blue-collar	married	basic.4y	telephone	may	tue	2	999	0	nonexistent	93.994	-36.4	no
694	53	admin.	married	university.degree	telephone	may	tue	6	999	0	nonexistent	93.994	-36.4	no
695	49	services	married	high.school	telephone	may	tue	3	999	0	nonexistent	93.994	-36.4	no
696	42	blue-collar	married	basic.4y	telephone	may	tue	2	999	0	nonexistent	93.994	-36.4	no
697	49	housemaid	married	basic.4y	telephone	may	tue	3	999	0	nonexistent	93.994	-36.4	no
698	40	entrepreneur	married	basic.9y	telephone	may	tue	2	999	0	nonexistent	93.994	-36.4	no
699	59	admin.	married	university.degree	telephone	may	tue	2	999	0	nonexistent	93.994	-36.4	no
700	51	self-employed	married	basic.9y	telephone	may	tue	2	999	0	nonexistent	93.994	-36.4	no
701	57	housemaid	married	basic.6y	telephone	may	tue	2	999	0	nonexistent	93.994	-36.4	no
702	38	self-employed	divorced	basic.9y	telephone	may	tue	3	999	0	nonexistent	93.994	-36.4	no
703	52	self-employed	married	university.degree	telephone	may	tue	3	999	0	nonexistent	93.994	-36.4	no
704	26	unemployed	single	basic.9y	telephone	may	tue	3	999	0	nonexistent	93.994	-36.4	no
705	35	admin.	married	university.degree	telephone	may	tue	2	999	0	nonexistent	93.994	-36.4	no
706	51	admin.	married	university.degree	telephone	may	tue	4	999	0	nonexistent	93.994	-36.4	no
707	43	blue-collar	married	basic.4y	telephone	may	tue	2	999	0	nonexistent	93.994	-36.4	no
708	42	admin.	married	high.school	telephone	may	tue	2	999	0	nonexistent	93.994	-36.4	no
709	60	retired	divorced	university.degree	telephone	may	tue	2	999	0	nonexistent	93.994	-36.4	no
710	36	blue-collar	married	basic.9y	telephone	may	tue	2	999	0	nonexistent	93.994	-36.4	no
711	57	management	married	university.degree	telephone	may	tue	3	999	0	nonexistent	93.994	-36.4	no
712	35	student	single	university.degree	telephone	may	tue	5	999	0	nonexistent	93.994	-36.4	no
713	30	admin.	married	university.degree	telephone	may	tue	2	999	0	nonexistent	93.994	-36.4	no
714	43	services	married	high.school	telephone	may	tue	2	999	0	nonexistent	93.994	-36.4	no
715	40	technician	married	basic.9y	telephone	may	tue	2	999	0	nonexistent	93.994	-36.4	no
716	45	technician	married	university.degree	telephone	may	tue	3	999	0	nonexistent	93.994	-36.4	no
717	56	retired	married	high.school	telephone	may	tue	5	999	0	nonexistent	93.994	-36.4	no
718	46	services	married	basic.6y	telephone	may	tue	3	999	0	nonexistent	93.994	-36.4	no
719	41	blue-collar	married	basic.4y	telephone	may	tue	2	999	0	nonexistent	93.994	-36.4	no
720	42	admin.	married	university.degree	telephone	may	tue	2	999	0	nonexistent	93.994	-36.4	no
721	56	blue-collar	married	basic.4y	telephone	may	tue	2	999	0	nonexistent	93.994	-36.4	no
722	43	entrepreneur	married	basic.4y	telephone	may	tue	3	999	0	nonexistent	93.994	-36.4	no
723	34	blue-collar	married	basic.4y	telephone	may	tue	4	999	0	nonexistent	93.994	-36.4	no
724	38	services	married	high.school	telephone	may	tue	2	999	0	nonexistent	93.994	-36.4	no
725	40	technician	married	basic.9y	telephone	may	tue	2	999	0	nonexistent	93.994	-36.4	no
726	38	admin.	married	high.school	telephone	may	tue	4	999	0	nonexistent	93.994	-36.4	no
727	48	entrepreneur	married	university.degree	telephone	may	tue	2	999	0	nonexistent	93.994	-36.4	no
728	27	blue-collar	married	basic.9y	telephone	may	tue	3	999	0	nonexistent	93.994	-36.4	no
729	24	technician	single	professional.course	telephone	may	tue	2	999	0	nonexistent	93.994	-36.4	no
731	48	blue-collar	married	professional.course	telephone	may	tue	3	999	0	nonexistent	93.994	-36.4	no
732	31	admin.	single	high.school	telephone	may	tue	2	999	0	nonexistent	93.994	-36.4	no
733	39	self-employed	single	basic.4y	telephone	may	tue	4	999	0	nonexistent	93.994	-36.4	no
734	41	technician	single	university.degree	telephone	may	tue	3	999	0	nonexistent	93.994	-36.4	no
735	49	blue-collar	married	basic.4y	telephone	may	tue	3	999	0	nonexistent	93.994	-36.4	no
736	56	retired	married	basic.4y	telephone	may	tue	2	999	0	nonexistent	93.994	-36.4	no
737	49	admin.	married	high.school	telephone	may	tue	2	999	0	nonexistent	93.994	-36.4	no
738	47	unemployed	divorced	university.degree	telephone	may	tue	3	999	0	nonexistent	93.994	-36.4	no
740	48	admin.	divorced	high.school	telephone	may	tue	2	999	0	nonexistent	93.994	-36.4	no
741	55	housemaid	married	basic.4y	telephone	may	tue	2	999	0	nonexistent	93.994	-36.4	no
742	59	management	married	basic.4y	telephone	may	tue	5	999	0	nonexistent	93.994	-36.4	no
743	44	technician	single	professional.course	telephone	may	tue	2	999	0	nonexistent	93.994	-36.4	no
744	46	blue-collar	married	basic.9y	telephone	may	tue	3	999	0	nonexistent	93.994	-36.4	no
745	39	blue-collar	divorced	basic.6y	telephone	may	tue	2	999	0	nonexistent	93.994	-36.4	no
746	38	unemployed	married	basic.4y	telephone	may	tue	2	999	0	nonexistent	93.994	-36.4	no
747	36	services	married	high.school	telephone	may	tue	2	999	0	nonexistent	93.994	-36.4	no
748	29	admin.	single	university.degree	telephone	may	tue	3	999	0	nonexistent	93.994	-36.4	no
749	31	technician	single	professional.course	telephone	may	tue	3	999	0	nonexistent	93.994	-36.4	no
750	30	services	divorced	basic.9y	telephone	may	tue	2	999	0	nonexistent	93.994	-36.4	no
751	36	blue-collar	married	basic.4y	telephone	may	tue	3	999	0	nonexistent	93.994	-36.4	no
752	60	blue-collar	married	professional.course	telephone	may	tue	3	999	0	nonexistent	93.994	-36.4	no
753	36	admin.	married	university.degree	telephone	may	tue	3	999	0	nonexistent	93.994	-36.4	no
754	32	services	married	high.school	telephone	may	tue	3	999	0	nonexistent	93.994	-36.4	no
755	39	blue-collar	married	basic.9y	telephone	may	tue	2	999	0	nonexistent	93.994	-36.4	no
756	30	services	married	university.degree	telephone	may	wed	3	999	0	nonexistent	93.994	-36.4	no
757	39	blue-collar	married	basic.4y	telephone	may	wed	3	999	0	nonexistent	93.994	-36.4	no
758	37	blue-collar	married	basic.9y	telephone	may	wed	3	999	0	nonexistent	93.994	-36.4	no
759	39	blue-collar	married	professional.course	telephone	may	wed	3	999	0	nonexistent	93.994	-36.4	no
760	46	blue-collar	married	basic.4y	telephone	may	wed	3	999	0	nonexistent	93.994	-36.4	no
761	43	unemployed	married	basic.4y	telephone	may	wed	4	999	0	nonexistent	93.994	-36.4	no
762	37	services	married	high.school	telephone	may	wed	2	999	0	nonexistent	93.994	-36.4	no
763	30	technician	married	university.degree	telephone	may	wed	3	999	0	nonexistent	93.994	-36.4	no
764	38	technician	married	professional.course	telephone	may	wed	2	999	0	nonexistent	93.994	-36.4	no
765	31	technician	married	university.degree	telephone	may	wed	3	999	0	nonexistent	93.994	-36.4	no
766	44	admin.	married	university.degree	telephone	may	wed	2	999	0	nonexistent	93.994	-36.4	no
767	44	self-employed	married	university.degree	telephone	may	wed	2	999	0	nonexistent	93.994	-36.4	no
769	30	student	single	high.school	telephone	may	wed	3	999	0	nonexistent	93.994	-36.4	no
770	37	blue-collar	married	basic.4y	telephone	may	wed	2	999	0	nonexistent	93.994	-36.4	no
773	43	technician	married	professional.course	telephone	may	wed	2	999	0	nonexistent	93.994	-36.4	no
774	38	housemaid	married	basic.9y	telephone	may	wed	2	999	0	nonexistent	93.994	-36.4	no
775	41	blue-collar	married	basic.4y	telephone	may	wed	2	999	0	nonexistent	93.994	-36.4	no
777	33	blue-collar	married	basic.9y	telephone	may	wed	3	999	0	nonexistent	93.994	-36.4	no
778	32	admin.	married	high.school	telephone	may	wed	2	999	0	nonexistent	93.994	-36.4	no
779	30	services	married	high.school	telephone	may	wed	2	999	0	nonexistent	93.994	-36.4	no
780	43	technician	married	basic.6y	telephone	may	wed	3	999	0	nonexistent	93.994	-36.4	no
781	30	services	married	high.school	telephone	may	wed	1	999	0	nonexistent	93.994	-36.4	no
782	36	technician	divorced	professional.course	telephone	may	wed	1	999	0	nonexistent	93.994	-36.4	no
783	38	blue-collar	married	basic.6y	telephone	may	wed	3	999	0	nonexistent	93.994	-36.4	no
784	35	blue-collar	single	basic.6y	telephone	may	wed	3	999	0	nonexistent	93.994	-36.4	no
785	50	self-employed	married	university.degree	telephone	may	wed	1	999	0	nonexistent	93.994	-36.4	no
786	38	blue-collar	married	basic.9y	telephone	may	wed	6	999	0	nonexistent	93.994	-36.4	no
787	58	admin.	married	basic.4y	telephone	may	wed	2	999	0	nonexistent	93.994	-36.4	no
788	50	technician	married	professional.course	telephone	may	wed	4	999	0	nonexistent	93.994	-36.4	no
789	33	blue-collar	single	basic.9y	telephone	may	wed	1	999	0	nonexistent	93.994	-36.4	no
790	33	blue-collar	single	basic.9y	telephone	may	wed	1	999	0	nonexistent	93.994	-36.4	no
791	44	management	single	university.degree	telephone	may	wed	1	999	0	nonexistent	93.994	-36.4	no
792	31	management	married	high.school	telephone	may	wed	1	999	0	nonexistent	93.994	-36.4	no
793	40	entrepreneur	married	basic.9y	telephone	may	wed	3	999	0	nonexistent	93.994	-36.4	no
796	44	blue-collar	single	high.school	telephone	may	wed	1	999	0	nonexistent	93.994	-36.4	no
798	33	blue-collar	married	basic.9y	telephone	may	wed	1	999	0	nonexistent	93.994	-36.4	no
799	39	blue-collar	divorced	basic.6y	telephone	may	wed	1	999	0	nonexistent	93.994	-36.4	no
800	47	blue-collar	single	basic.4y	telephone	may	wed	1	999	0	nonexistent	93.994	-36.4	no
801	47	services	divorced	high.school	telephone	may	wed	1	999	0	nonexistent	93.994	-36.4	no
802	35	entrepreneur	single	professional.course	telephone	may	wed	1	999	0	nonexistent	93.994	-36.4	no
803	42	admin.	divorced	university.degree	telephone	may	wed	1	999	0	nonexistent	93.994	-36.4	no
804	36	admin.	married	high.school	telephone	may	wed	3	999	0	nonexistent	93.994	-36.4	no
805	35	technician	married	basic.6y	telephone	may	wed	2	999	0	nonexistent	93.994	-36.4	no
807	56	entrepreneur	married	university.degree	telephone	may	wed	2	999	0	nonexistent	93.994	-36.4	no
808	26	admin.	single	high.school	telephone	may	wed	2	999	0	nonexistent	93.994	-36.4	no
809	31	admin.	single	university.degree	telephone	may	wed	1	999	0	nonexistent	93.994	-36.4	no
810	57	self-employed	single	high.school	telephone	may	wed	1	999	0	nonexistent	93.994	-36.4	no
811	39	services	married	high.school	telephone	may	wed	1	999	0	nonexistent	93.994	-36.4	no
812	43	blue-collar	married	high.school	telephone	may	wed	1	999	0	nonexistent	93.994	-36.4	no
813	50	admin.	married	university.degree	telephone	may	wed	1	999	0	nonexistent	93.994	-36.4	no
814	52	blue-collar	single	high.school	telephone	may	wed	1	999	0	nonexistent	93.994	-36.4	no
815	39	blue-collar	divorced	basic.9y	telephone	may	wed	1	999	0	nonexistent	93.994	-36.4	no
817	36	housemaid	married	basic.4y	telephone	may	wed	1	999	0	nonexistent	93.994	-36.4	no
818	54	management	married	high.school	telephone	may	wed	1	999	0	nonexistent	93.994	-36.4	no
819	27	admin.	single	basic.9y	telephone	may	wed	2	999	0	nonexistent	93.994	-36.4	no
820	31	admin.	single	university.degree	telephone	may	wed	1	999	0	nonexistent	93.994	-36.4	yes
821	31	admin.	married	university.degree	telephone	may	wed	1	999	0	nonexistent	93.994	-36.4	no
822	28	blue-collar	married	basic.6y	telephone	may	wed	1	999	0	nonexistent	93.994	-36.4	no
823	31	management	single	university.degree	telephone	may	wed	1	999	0	nonexistent	93.994	-36.4	no
824	30	management	divorced	high.school	telephone	may	wed	1	999	0	nonexistent	93.994	-36.4	no
825	52	technician	married	professional.course	telephone	may	wed	2	999	0	nonexistent	93.994	-36.4	no
826	37	technician	divorced	professional.course	telephone	may	wed	1	999	0	nonexistent	93.994	-36.4	no
827	30	services	married	university.degree	telephone	may	wed	6	999	0	nonexistent	93.994	-36.4	no
828	45	blue-collar	married	basic.9y	telephone	may	wed	1	999	0	nonexistent	93.994	-36.4	no
829	54	technician	married	university.degree	telephone	may	wed	1	999	0	nonexistent	93.994	-36.4	no
830	49	entrepreneur	married	basic.9y	telephone	may	wed	1	999	0	nonexistent	93.994	-36.4	no
831	44	admin.	married	high.school	telephone	may	wed	3	999	0	nonexistent	93.994	-36.4	no
832	28	student	single	basic.9y	telephone	may	wed	2	999	0	nonexistent	93.994	-36.4	yes
833	53	technician	married	high.school	telephone	may	wed	1	999	0	nonexistent	93.994	-36.4	no
834	45	blue-collar	married	basic.9y	telephone	may	wed	1	999	0	nonexistent	93.994	-36.4	no
835	45	blue-collar	married	basic.9y	telephone	may	wed	1	999	0	nonexistent	93.994	-36.4	no
836	51	admin.	married	high.school	telephone	may	wed	1	999	0	nonexistent	93.994	-36.4	no
837	41	blue-collar	married	basic.9y	telephone	may	wed	1	999	0	nonexistent	93.994	-36.4	no
838	43	technician	married	professional.course	telephone	may	wed	4	999	0	nonexistent	93.994	-36.4	no
839	31	admin.	single	university.degree	telephone	may	wed	2	999	0	nonexistent	93.994	-36.4	no
841	38	technician	married	professional.course	telephone	may	wed	1	999	0	nonexistent	93.994	-36.4	no
842	50	entrepreneur	married	basic.9y	telephone	may	wed	1	999	0	nonexistent	93.994	-36.4	no
843	53	admin.	single	university.degree	telephone	may	wed	2	999	0	nonexistent	93.994	-36.4	no
844	44	admin.	divorced	high.school	telephone	may	wed	1	999	0	nonexistent	93.994	-36.4	no
845	53	blue-collar	married	basic.9y	telephone	may	wed	1	999	0	nonexistent	93.994	-36.4	no
846	24	services	single	high.school	telephone	may	wed	1	999	0	nonexistent	93.994	-36.4	no
847	34	admin.	single	high.school	telephone	may	wed	1	999	0	nonexistent	93.994	-36.4	no
848	40	technician	married	professional.course	telephone	may	wed	3	999	0	nonexistent	93.994	-36.4	no
849	57	management	divorced	university.degree	telephone	may	wed	1	999	0	nonexistent	93.994	-36.4	no
850	43	blue-collar	married	basic.4y	telephone	may	wed	1	999	0	nonexistent	93.994	-36.4	no
851	31	blue-collar	married	basic.6y	telephone	may	wed	1	999	0	nonexistent	93.994	-36.4	no
852	31	services	married	basic.6y	telephone	may	wed	2	999	0	nonexistent	93.994	-36.4	no
853	31	blue-collar	married	basic.6y	telephone	may	wed	1	999	0	nonexistent	93.994	-36.4	no
854	45	housemaid	married	basic.4y	telephone	may	wed	2	999	0	nonexistent	93.994	-36.4	no
855	38	admin.	married	university.degree	telephone	may	wed	2	999	0	nonexistent	93.994	-36.4	no
856	41	entrepreneur	married	university.degree	telephone	may	wed	1	999	0	nonexistent	93.994	-36.4	yes
857	47	blue-collar	married	professional.course	telephone	may	wed	1	999	0	nonexistent	93.994	-36.4	no
858	42	blue-collar	married	basic.6y	telephone	may	wed	1	999	0	nonexistent	93.994	-36.4	no
860	40	management	married	university.degree	telephone	may	wed	2	999	0	nonexistent	93.994	-36.4	no
861	42	blue-collar	married	basic.6y	telephone	may	wed	1	999	0	nonexistent	93.994	-36.4	no
862	34	technician	married	professional.course	telephone	may	wed	1	999	0	nonexistent	93.994	-36.4	no
863	48	admin.	single	university.degree	telephone	may	wed	2	999	0	nonexistent	93.994	-36.4	no
865	33	blue-collar	married	high.school	telephone	may	wed	1	999	0	nonexistent	93.994	-36.4	no
866	37	technician	married	professional.course	telephone	may	wed	1	999	0	nonexistent	93.994	-36.4	no
867	43	technician	married	professional.course	telephone	may	wed	1	999	0	nonexistent	93.994	-36.4	no
869	46	admin.	divorced	university.degree	telephone	may	wed	2	999	0	nonexistent	93.994	-36.4	no
870	37	blue-collar	single	basic.9y	telephone	may	wed	1	999	0	nonexistent	93.994	-36.4	yes
871	40	blue-collar	married	high.school	telephone	may	wed	1	999	0	nonexistent	93.994	-36.4	no
872	40	blue-collar	married	high.school	telephone	may	wed	1	999	0	nonexistent	93.994	-36.4	no
873	59	entrepreneur	divorced	high.school	telephone	may	wed	1	999	0	nonexistent	93.994	-36.4	no
874	43	technician	single	university.degree	telephone	may	wed	1	999	0	nonexistent	93.994	-36.4	no
875	44	blue-collar	married	basic.6y	telephone	may	wed	1	999	0	nonexistent	93.994	-36.4	no
876	44	blue-collar	married	basic.4y	telephone	may	wed	1	999	0	nonexistent	93.994	-36.4	yes
877	41	admin.	married	university.degree	telephone	may	wed	1	999	0	nonexistent	93.994	-36.4	no
879	48	services	married	high.school	telephone	may	wed	1	999	0	nonexistent	93.994	-36.4	no
880	31	admin.	single	high.school	telephone	may	wed	1	999	0	nonexistent	93.994	-36.4	no
881	27	blue-collar	married	basic.9y	telephone	may	wed	2	999	0	nonexistent	93.994	-36.4	no
882	43	technician	single	university.degree	telephone	may	wed	2	999	0	nonexistent	93.994	-36.4	no
883	47	retired	married	basic.4y	telephone	may	wed	1	999	0	nonexistent	93.994	-36.4	no
886	29	technician	married	professional.course	telephone	may	wed	1	999	0	nonexistent	93.994	-36.4	no
887	54	admin.	married	university.degree	telephone	may	wed	7	999	0	nonexistent	93.994	-36.4	no
888	36	technician	married	professional.course	telephone	may	wed	1	999	0	nonexistent	93.994	-36.4	no
889	30	admin.	single	university.degree	telephone	may	wed	1	999	0	nonexistent	93.994	-36.4	no
891	39	blue-collar	married	basic.6y	telephone	may	wed	1	999	0	nonexistent	93.994	-36.4	no
892	33	blue-collar	married	basic.9y	telephone	may	wed	2	999	0	nonexistent	93.994	-36.4	no
893	39	retired	single	high.school	telephone	may	wed	1	999	0	nonexistent	93.994	-36.4	no
894	38	technician	single	professional.course	telephone	may	wed	1	999	0	nonexistent	93.994	-36.4	no
895	44	admin.	married	high.school	telephone	may	wed	1	999	0	nonexistent	93.994	-36.4	no
896	33	blue-collar	married	basic.9y	telephone	may	wed	1	999	0	nonexistent	93.994	-36.4	no
897	37	blue-collar	married	basic.6y	telephone	may	wed	2	999	0	nonexistent	93.994	-36.4	no
898	32	management	married	basic.6y	telephone	may	wed	1	999	0	nonexistent	93.994	-36.4	no
899	46	technician	married	professional.course	telephone	may	wed	2	999	0	nonexistent	93.994	-36.4	no
900	34	technician	divorced	professional.course	telephone	may	wed	2	999	0	nonexistent	93.994	-36.4	no
901	52	technician	married	basic.4y	telephone	may	wed	1	999	0	nonexistent	93.994	-36.4	no
902	46	blue-collar	married	basic.6y	telephone	may	wed	2	999	0	nonexistent	93.994	-36.4	no
903	57	management	divorced	university.degree	telephone	may	wed	2	999	0	nonexistent	93.994	-36.4	no
904	52	technician	married	basic.4y	telephone	may	wed	1	999	0	nonexistent	93.994	-36.4	no
905	32	technician	single	professional.course	telephone	may	wed	1	999	0	nonexistent	93.994	-36.4	no
906	31	blue-collar	single	basic.9y	telephone	may	wed	1	999	0	nonexistent	93.994	-36.4	no
907	46	admin.	divorced	basic.9y	telephone	may	wed	1	999	0	nonexistent	93.994	-36.4	no
908	59	services	divorced	high.school	telephone	may	wed	1	999	0	nonexistent	93.994	-36.4	no
910	42	blue-collar	divorced	basic.6y	telephone	may	wed	1	999	0	nonexistent	93.994	-36.4	no
911	40	blue-collar	married	basic.4y	telephone	may	wed	1	999	0	nonexistent	93.994	-36.4	no
912	46	admin.	married	professional.course	telephone	may	wed	1	999	0	nonexistent	93.994	-36.4	no
913	35	admin.	single	high.school	telephone	may	wed	1	999	0	nonexistent	93.994	-36.4	no
914	28	blue-collar	married	basic.9y	telephone	may	wed	1	999	0	nonexistent	93.994	-36.4	no
915	47	services	married	high.school	telephone	may	wed	1	999	0	nonexistent	93.994	-36.4	no
916	35	blue-collar	married	basic.4y	telephone	may	wed	1	999	0	nonexistent	93.994	-36.4	no
917	48	retired	married	basic.9y	telephone	may	wed	1	999	0	nonexistent	93.994	-36.4	no
918	40	blue-collar	married	basic.6y	telephone	may	wed	3	999	0	nonexistent	93.994	-36.4	no
919	32	services	single	high.school	telephone	may	wed	2	999	0	nonexistent	93.994	-36.4	no
920	59	retired	divorced	basic.4y	telephone	may	wed	3	999	0	nonexistent	93.994	-36.4	no
921	48	entrepreneur	married	basic.9y	telephone	may	wed	1	999	0	nonexistent	93.994	-36.4	no
922	45	blue-collar	married	basic.9y	telephone	may	wed	2	999	0	nonexistent	93.994	-36.4	no
923	49	blue-collar	single	basic.6y	telephone	may	wed	4	999	0	nonexistent	93.994	-36.4	no
924	51	admin.	married	university.degree	telephone	may	wed	3	999	0	nonexistent	93.994	-36.4	no
925	38	technician	single	university.degree	telephone	may	wed	2	999	0	nonexistent	93.994	-36.4	no
926	53	technician	married	high.school	telephone	may	wed	2	999	0	nonexistent	93.994	-36.4	no
927	49	blue-collar	married	basic.9y	telephone	may	wed	3	999	0	nonexistent	93.994	-36.4	no
928	31	blue-collar	married	basic.9y	telephone	may	wed	2	999	0	nonexistent	93.994	-36.4	no
929	36	services	married	high.school	telephone	may	wed	2	999	0	nonexistent	93.994	-36.4	no
930	54	retired	married	basic.4y	telephone	may	wed	2	999	0	nonexistent	93.994	-36.4	no
931	29	admin.	single	high.school	telephone	may	wed	2	999	0	nonexistent	93.994	-36.4	no
932	31	blue-collar	married	basic.6y	telephone	may	wed	2	999	0	nonexistent	93.994	-36.4	no
933	35	admin.	married	high.school	telephone	may	wed	2	999	0	nonexistent	93.994	-36.4	no
934	38	blue-collar	married	basic.9y	telephone	may	wed	1	999	0	nonexistent	93.994	-36.4	no
935	54	management	married	high.school	telephone	may	wed	2	999	0	nonexistent	93.994	-36.4	no
936	48	admin.	married	basic.9y	telephone	may	wed	1	999	0	nonexistent	93.994	-36.4	no
937	48	management	divorced	university.degree	telephone	may	wed	2	999	0	nonexistent	93.994	-36.4	no
938	32	admin.	single	university.degree	telephone	may	wed	3	999	0	nonexistent	93.994	-36.4	no
939	34	technician	married	professional.course	telephone	may	wed	2	999	0	nonexistent	93.994	-36.4	no
940	49	technician	single	university.degree	telephone	may	wed	1	999	0	nonexistent	93.994	-36.4	no
941	44	blue-collar	married	basic.9y	telephone	may	wed	1	999	0	nonexistent	93.994	-36.4	no
942	42	services	divorced	high.school	telephone	may	wed	1	999	0	nonexistent	93.994	-36.4	no
943	55	blue-collar	married	basic.4y	telephone	may	wed	2	999	0	nonexistent	93.994	-36.4	no
944	42	services	divorced	high.school	telephone	may	wed	1	999	0	nonexistent	93.994	-36.4	no
945	44	admin.	married	university.degree	telephone	may	wed	1	999	0	nonexistent	93.994	-36.4	no
946	51	blue-collar	married	basic.9y	telephone	may	wed	1	999	0	nonexistent	93.994	-36.4	no
947	43	blue-collar	married	basic.4y	telephone	may	wed	5	999	0	nonexistent	93.994	-36.4	no
948	52	technician	married	high.school	telephone	may	wed	2	999	0	nonexistent	93.994	-36.4	no
949	45	blue-collar	single	basic.6y	telephone	may	wed	5	999	0	nonexistent	93.994	-36.4	no
950	41	services	divorced	high.school	telephone	may	wed	1	999	0	nonexistent	93.994	-36.4	no
952	41	services	divorced	high.school	telephone	may	wed	1	999	0	nonexistent	93.994	-36.4	no
953	46	management	married	basic.9y	telephone	may	wed	1	999	0	nonexistent	93.994	-36.4	no
954	36	housemaid	divorced	basic.9y	telephone	may	wed	2	999	0	nonexistent	93.994	-36.4	no
955	29	technician	married	professional.course	telephone	may	wed	2	999	0	nonexistent	93.994	-36.4	no
957	43	blue-collar	married	basic.4y	telephone	may	wed	2	999	0	nonexistent	93.994	-36.4	no
958	38	blue-collar	single	basic.9y	telephone	may	wed	2	999	0	nonexistent	93.994	-36.4	no
959	44	blue-collar	married	basic.4y	telephone	may	wed	2	999	0	nonexistent	93.994	-36.4	no
960	29	services	married	high.school	telephone	may	wed	2	999	0	nonexistent	93.994	-36.4	no
962	48	blue-collar	married	professional.course	telephone	may	wed	4	999	0	nonexistent	93.994	-36.4	no
963	46	blue-collar	married	basic.9y	telephone	may	wed	2	999	0	nonexistent	93.994	-36.4	no
964	31	blue-collar	married	basic.4y	telephone	may	wed	1	999	0	nonexistent	93.994	-36.4	no
966	44	admin.	married	university.degree	telephone	may	wed	2	999	0	nonexistent	93.994	-36.4	no
967	31	blue-collar	married	basic.4y	telephone	may	wed	1	999	0	nonexistent	93.994	-36.4	no
968	38	unemployed	divorced	professional.course	telephone	may	wed	3	999	0	nonexistent	93.994	-36.4	no
969	33	admin.	married	university.degree	telephone	may	wed	1	999	0	nonexistent	93.994	-36.4	no
970	53	blue-collar	married	basic.9y	telephone	may	wed	1	999	0	nonexistent	93.994	-36.4	no
972	33	self-employed	married	basic.9y	telephone	may	wed	1	999	0	nonexistent	93.994	-36.4	no
973	37	admin.	divorced	university.degree	telephone	may	wed	1	999	0	nonexistent	93.994	-36.4	no
974	55	blue-collar	married	basic.9y	telephone	may	wed	1	999	0	nonexistent	93.994	-36.4	no
975	41	admin.	single	basic.6y	telephone	may	wed	1	999	0	nonexistent	93.994	-36.4	no
976	46	blue-collar	married	basic.6y	telephone	may	wed	2	999	0	nonexistent	93.994	-36.4	no
977	32	entrepreneur	divorced	university.degree	telephone	may	wed	1	999	0	nonexistent	93.994	-36.4	no
978	48	blue-collar	married	high.school	telephone	may	wed	1	999	0	nonexistent	93.994	-36.4	no
979	34	entrepreneur	married	basic.4y	telephone	may	wed	1	999	0	nonexistent	93.994	-36.4	no
980	35	admin.	single	university.degree	telephone	may	wed	1	999	0	nonexistent	93.994	-36.4	no
981	55	blue-collar	married	basic.4y	telephone	may	wed	1	999	0	nonexistent	93.994	-36.4	no
982	45	entrepreneur	single	university.degree	telephone	may	wed	3	999	0	nonexistent	93.994	-36.4	no
983	48	management	divorced	university.degree	telephone	may	wed	2	999	0	nonexistent	93.994	-36.4	no
984	34	blue-collar	married	basic.6y	telephone	may	wed	1	999	0	nonexistent	93.994	-36.4	no
985	46	admin.	divorced	university.degree	telephone	may	wed	1	999	0	nonexistent	93.994	-36.4	no
986	34	blue-collar	married	basic.6y	telephone	may	wed	1	999	0	nonexistent	93.994	-36.4	no
987	51	unemployed	married	professional.course	telephone	may	wed	2	999	0	nonexistent	93.994	-36.4	no
988	37	admin.	married	university.degree	telephone	may	wed	2	999	0	nonexistent	93.994	-36.4	no
989	54	housemaid	divorced	basic.4y	telephone	may	wed	1	999	0	nonexistent	93.994	-36.4	no
990	45	services	married	high.school	telephone	may	wed	2	999	0	nonexistent	93.994	-36.4	no
991	39	services	single	high.school	telephone	may	wed	2	999	0	nonexistent	93.994	-36.4	no
992	39	blue-collar	married	basic.9y	telephone	may	wed	1	999	0	nonexistent	93.994	-36.4	no
993	39	technician	single	basic.6y	telephone	may	wed	1	999	0	nonexistent	93.994	-36.4	no
994	39	services	married	basic.9y	telephone	may	wed	1	999	0	nonexistent	93.994	-36.4	no
995	32	entrepreneur	married	basic.6y	telephone	may	wed	1	999	0	nonexistent	93.994	-36.4	no
996	41	services	single	high.school	telephone	may	wed	1	999	0	nonexistent	93.994	-36.4	no
997	59	housemaid	married	basic.6y	telephone	may	wed	1	999	0	nonexistent	93.994	-36.4	no
998	57	technician	married	basic.9y	telephone	may	wed	1	999	0	nonexistent	93.994	-36.4	no
1000	34	entrepreneur	married	basic.4y	telephone	may	wed	2	999	0	nonexistent	93.994	-36.4	no
1001	34	technician	married	high.school	telephone	may	wed	1	999	0	nonexistent	93.994	-36.4	no
1003	31	blue-collar	married	basic.6y	telephone	may	wed	2	999	0	nonexistent	93.994	-36.4	no
1004	47	admin.	married	university.degree	telephone	may	wed	1	999	0	nonexistent	93.994	-36.4	no
1005	57	self-employed	single	high.school	telephone	may	wed	2	999	0	nonexistent	93.994	-36.4	no
1006	44	blue-collar	married	basic.9y	telephone	may	wed	3	999	0	nonexistent	93.994	-36.4	no
1007	45	services	married	high.school	telephone	may	wed	2	999	0	nonexistent	93.994	-36.4	no
1008	36	unemployed	married	basic.4y	telephone	may	wed	1	999	0	nonexistent	93.994	-36.4	no
1009	44	services	married	high.school	telephone	may	wed	5	999	0	nonexistent	93.994	-36.4	no
1010	51	management	married	university.degree	telephone	may	wed	1	999	0	nonexistent	93.994	-36.4	no
1011	28	admin.	single	university.degree	telephone	may	wed	1	999	0	nonexistent	93.994	-36.4	no
1012	50	technician	married	high.school	telephone	may	wed	5	999	0	nonexistent	93.994	-36.4	no
1013	51	entrepreneur	married	university.degree	telephone	may	wed	1	999	0	nonexistent	93.994	-36.4	no
1014	38	blue-collar	single	basic.9y	telephone	may	wed	5	999	0	nonexistent	93.994	-36.4	no
1015	44	blue-collar	married	basic.4y	telephone	may	wed	1	999	0	nonexistent	93.994	-36.4	no
1016	35	admin.	single	basic.4y	telephone	may	wed	1	999	0	nonexistent	93.994	-36.4	no
1017	35	admin.	single	basic.4y	telephone	may	wed	1	999	0	nonexistent	93.994	-36.4	no
1018	32	admin.	single	high.school	telephone	may	wed	2	999	0	nonexistent	93.994	-36.4	no
1019	48	blue-collar	married	basic.9y	telephone	may	wed	2	999	0	nonexistent	93.994	-36.4	no
1020	35	admin.	single	basic.4y	telephone	may	wed	1	999	0	nonexistent	93.994	-36.4	no
1021	44	technician	married	professional.course	telephone	may	wed	1	999	0	nonexistent	93.994	-36.4	no
1022	43	technician	married	professional.course	telephone	may	wed	3	999	0	nonexistent	93.994	-36.4	no
1023	40	management	married	high.school	telephone	may	wed	3	999	0	nonexistent	93.994	-36.4	no
1024	50	self-employed	married	basic.4y	telephone	may	wed	3	999	0	nonexistent	93.994	-36.4	no
1025	44	technician	married	professional.course	telephone	may	wed	1	999	0	nonexistent	93.994	-36.4	no
1026	37	blue-collar	single	basic.9y	telephone	may	wed	3	999	0	nonexistent	93.994	-36.4	no
1027	32	services	divorced	high.school	telephone	may	wed	2	999	0	nonexistent	93.994	-36.4	no
1028	58	admin.	married	high.school	telephone	may	wed	2	999	0	nonexistent	93.994	-36.4	no
1029	49	technician	married	high.school	telephone	may	wed	2	999	0	nonexistent	93.994	-36.4	no
1030	32	blue-collar	married	basic.4y	telephone	may	wed	2	999	0	nonexistent	93.994	-36.4	no
1031	30	services	married	high.school	telephone	may	wed	2	999	0	nonexistent	93.994	-36.4	no
1032	28	admin.	married	high.school	telephone	may	wed	1	999	0	nonexistent	93.994	-36.4	no
1033	40	blue-collar	married	basic.4y	telephone	may	wed	1	999	0	nonexistent	93.994	-36.4	no
1034	44	management	married	university.degree	telephone	may	wed	1	999	0	nonexistent	93.994	-36.4	no
1035	30	services	married	professional.course	telephone	may	wed	1	999	0	nonexistent	93.994	-36.4	no
1036	30	services	married	professional.course	telephone	may	wed	1	999	0	nonexistent	93.994	-36.4	no
1037	28	technician	single	professional.course	telephone	may	wed	2	999	0	nonexistent	93.994	-36.4	no
1038	58	housemaid	married	basic.4y	telephone	may	wed	2	999	0	nonexistent	93.994	-36.4	no
1039	45	blue-collar	single	high.school	telephone	may	wed	6	999	0	nonexistent	93.994	-36.4	no
1040	35	blue-collar	married	professional.course	telephone	may	wed	5	999	0	nonexistent	93.994	-36.4	no
1041	57	retired	divorced	high.school	telephone	may	wed	2	999	0	nonexistent	93.994	-36.4	no
1042	35	admin.	divorced	high.school	telephone	may	wed	2	999	0	nonexistent	93.994	-36.4	no
1043	41	technician	single	university.degree	telephone	may	wed	8	999	0	nonexistent	93.994	-36.4	no
1044	42	services	married	high.school	telephone	may	wed	2	999	0	nonexistent	93.994	-36.4	no
1045	42	blue-collar	married	basic.4y	telephone	may	wed	2	999	0	nonexistent	93.994	-36.4	no
1046	51	blue-collar	married	basic.4y	telephone	may	wed	6	999	0	nonexistent	93.994	-36.4	no
1047	48	management	married	university.degree	telephone	may	wed	3	999	0	nonexistent	93.994	-36.4	no
1048	39	blue-collar	married	basic.6y	telephone	may	wed	6	999	0	nonexistent	93.994	-36.4	no
1049	47	retired	married	basic.4y	telephone	may	wed	2	999	0	nonexistent	93.994	-36.4	no
1050	34	technician	single	professional.course	telephone	may	wed	3	999	0	nonexistent	93.994	-36.4	no
1051	44	services	married	basic.6y	telephone	may	wed	2	999	0	nonexistent	93.994	-36.4	no
1052	52	housemaid	divorced	professional.course	telephone	may	wed	4	999	0	nonexistent	93.994	-36.4	no
1053	51	blue-collar	married	basic.4y	telephone	may	wed	3	999	0	nonexistent	93.994	-36.4	no
1054	49	services	married	high.school	telephone	may	wed	2	999	0	nonexistent	93.994	-36.4	no
1055	35	admin.	single	basic.4y	telephone	may	wed	2	999	0	nonexistent	93.994	-36.4	no
1056	44	admin.	married	high.school	telephone	may	wed	3	999	0	nonexistent	93.994	-36.4	no
1057	37	admin.	married	high.school	telephone	may	wed	2	999	0	nonexistent	93.994	-36.4	no
1058	47	management	married	university.degree	telephone	may	wed	3	999	0	nonexistent	93.994	-36.4	no
1059	43	management	married	professional.course	telephone	may	wed	3	999	0	nonexistent	93.994	-36.4	no
1060	40	blue-collar	married	basic.9y	telephone	may	wed	3	999	0	nonexistent	93.994	-36.4	no
1061	32	management	divorced	basic.4y	telephone	may	wed	4	999	0	nonexistent	93.994	-36.4	no
1062	42	blue-collar	married	basic.4y	telephone	may	wed	2	999	0	nonexistent	93.994	-36.4	no
1063	42	self-employed	married	university.degree	telephone	may	wed	4	999	0	nonexistent	93.994	-36.4	no
1064	39	technician	married	professional.course	telephone	may	wed	2	999	0	nonexistent	93.994	-36.4	no
1065	32	housemaid	married	basic.4y	telephone	may	wed	2	999	0	nonexistent	93.994	-36.4	no
1067	42	blue-collar	married	basic.4y	telephone	may	wed	4	999	0	nonexistent	93.994	-36.4	no
1068	35	blue-collar	married	basic.6y	telephone	may	wed	3	999	0	nonexistent	93.994	-36.4	no
1069	56	retired	married	basic.4y	telephone	may	wed	2	999	0	nonexistent	93.994	-36.4	no
1070	40	blue-collar	married	basic.9y	telephone	may	wed	4	999	0	nonexistent	93.994	-36.4	no
1071	26	admin.	single	university.degree	telephone	may	wed	2	999	0	nonexistent	93.994	-36.4	no
1072	57	management	divorced	university.degree	telephone	may	wed	3	999	0	nonexistent	93.994	-36.4	no
1073	51	blue-collar	married	basic.4y	telephone	may	wed	4	999	0	nonexistent	93.994	-36.4	no
1074	31	technician	married	professional.course	telephone	may	wed	2	999	0	nonexistent	93.994	-36.4	no
1075	31	admin.	married	university.degree	telephone	may	wed	2	999	0	nonexistent	93.994	-36.4	no
1077	29	admin.	single	university.degree	telephone	may	wed	1	999	0	nonexistent	93.994	-36.4	no
1078	44	entrepreneur	married	basic.4y	telephone	may	wed	2	999	0	nonexistent	93.994	-36.4	yes
1079	26	technician	single	basic.9y	telephone	may	wed	3	999	0	nonexistent	93.994	-36.4	no
1080	54	blue-collar	married	basic.4y	telephone	may	wed	5	999	0	nonexistent	93.994	-36.4	no
1081	34	blue-collar	single	high.school	telephone	may	wed	3	999	0	nonexistent	93.994	-36.4	no
1082	29	admin.	single	high.school	telephone	may	wed	2	999	0	nonexistent	93.994	-36.4	no
1083	33	admin.	divorced	high.school	telephone	may	wed	2	999	0	nonexistent	93.994	-36.4	no
1084	35	blue-collar	single	high.school	telephone	may	wed	3	999	0	nonexistent	93.994	-36.4	no
1085	42	management	married	basic.6y	telephone	may	wed	3	999	0	nonexistent	93.994	-36.4	no
1086	53	retired	married	basic.4y	telephone	may	wed	3	999	0	nonexistent	93.994	-36.4	no
1087	51	technician	married	professional.course	telephone	may	wed	2	999	0	nonexistent	93.994	-36.4	no
1088	59	retired	divorced	basic.4y	telephone	may	wed	3	999	0	nonexistent	93.994	-36.4	no
1089	51	admin.	married	basic.6y	telephone	may	wed	3	999	0	nonexistent	93.994	-36.4	no
1090	36	blue-collar	married	basic.9y	telephone	may	wed	2	999	0	nonexistent	93.994	-36.4	no
1091	47	technician	divorced	professional.course	telephone	may	wed	3	999	0	nonexistent	93.994	-36.4	no
1092	51	admin.	married	university.degree	telephone	may	wed	2	999	0	nonexistent	93.994	-36.4	no
1093	42	admin.	married	university.degree	telephone	may	wed	4	999	0	nonexistent	93.994	-36.4	no
1094	40	technician	married	professional.course	telephone	may	wed	8	999	0	nonexistent	93.994	-36.4	no
1095	26	blue-collar	married	basic.9y	telephone	may	wed	2	999	0	nonexistent	93.994	-36.4	no
1096	45	technician	married	professional.course	telephone	may	wed	5	999	0	nonexistent	93.994	-36.4	no
1097	51	blue-collar	married	basic.4y	telephone	may	wed	7	999	0	nonexistent	93.994	-36.4	no
1098	42	services	married	high.school	telephone	may	wed	2	999	0	nonexistent	93.994	-36.4	no
1099	31	technician	married	professional.course	telephone	may	wed	6	999	0	nonexistent	93.994	-36.4	no
1100	38	blue-collar	married	basic.4y	telephone	may	wed	2	999	0	nonexistent	93.994	-36.4	no
1101	51	services	divorced	basic.6y	telephone	may	wed	3	999	0	nonexistent	93.994	-36.4	no
1102	39	entrepreneur	married	high.school	telephone	may	wed	5	999	0	nonexistent	93.994	-36.4	no
1105	34	management	married	university.degree	telephone	may	wed	1	999	0	nonexistent	93.994	-36.4	no
1106	41	blue-collar	married	basic.4y	telephone	may	wed	3	999	0	nonexistent	93.994	-36.4	no
1107	34	management	married	university.degree	telephone	may	wed	1	999	0	nonexistent	93.994	-36.4	no
1108	36	blue-collar	married	basic.9y	telephone	may	wed	3	999	0	nonexistent	93.994	-36.4	no
1109	33	technician	married	professional.course	telephone	may	wed	2	999	0	nonexistent	93.994	-36.4	no
1110	46	admin.	single	university.degree	telephone	may	wed	1	999	0	nonexistent	93.994	-36.4	no
1111	44	blue-collar	married	basic.4y	telephone	may	wed	3	999	0	nonexistent	93.994	-36.4	no
1112	30	blue-collar	married	basic.6y	telephone	may	wed	2	999	0	nonexistent	93.994	-36.4	no
1113	34	management	married	university.degree	telephone	may	wed	1	999	0	nonexistent	93.994	-36.4	no
1114	54	admin.	divorced	university.degree	telephone	may	wed	4	999	0	nonexistent	93.994	-36.4	yes
1115	58	self-employed	married	professional.course	telephone	may	wed	2	999	0	nonexistent	93.994	-36.4	no
1116	29	services	married	high.school	telephone	may	wed	3	999	0	nonexistent	93.994	-36.4	no
1117	41	entrepreneur	married	university.degree	telephone	may	wed	4	999	0	nonexistent	93.994	-36.4	no
1118	53	blue-collar	married	basic.9y	telephone	may	wed	2	999	0	nonexistent	93.994	-36.4	no
1119	35	admin.	married	university.degree	telephone	may	wed	3	999	0	nonexistent	93.994	-36.4	no
1120	34	blue-collar	single	basic.9y	telephone	may	wed	3	999	0	nonexistent	93.994	-36.4	no
1122	31	blue-collar	married	basic.9y	telephone	may	wed	2	999	0	nonexistent	93.994	-36.4	no
1123	59	retired	married	basic.4y	telephone	may	wed	2	999	0	nonexistent	93.994	-36.4	no
1124	49	technician	married	professional.course	telephone	may	wed	2	999	0	nonexistent	93.994	-36.4	no
1125	37	management	married	high.school	telephone	may	wed	1	999	0	nonexistent	93.994	-36.4	no
1126	50	management	married	university.degree	telephone	may	wed	2	999	0	nonexistent	93.994	-36.4	no
1127	34	services	married	high.school	telephone	may	wed	5	999	0	nonexistent	93.994	-36.4	no
1128	32	admin.	married	university.degree	telephone	may	wed	2	999	0	nonexistent	93.994	-36.4	no
1129	45	blue-collar	married	basic.9y	telephone	may	wed	3	999	0	nonexistent	93.994	-36.4	no
1130	39	management	married	university.degree	telephone	may	wed	3	999	0	nonexistent	93.994	-36.4	no
1132	43	blue-collar	married	basic.4y	telephone	may	wed	2	999	0	nonexistent	93.994	-36.4	no
